,visit_day,restaurant,shift_category,max_guests
0,2020-12-02,Bluebird Chelsea Café,LUNCH,3.0
1,2020-12-02,Grand Café & Restaurant,DINNER,3.0
2,2020-12-02,Issho Restaurant,DINNER,2.0
3,2020-12-02,Issho Restaurant,LUNCH,2.0
4,2020-12-02,Skylon Restaurant,LUNCH,2.0
5,2020-12-02,South Place Chop House,LUNCH,2.0
6,2020-12-03,Cantina del Ponte,DINNER,5.0
7,2020-12-03,Old Bengal Bar,LUNCH,14.0
8,2020-12-04,Bluebird Chelsea PDR,LUNCH,12.0
9,2020-12-04,Cantina del Ponte,DINNER,30.0
10,2020-12-04,Radici,LUNCH,2.0
11,2020-12-04,South Place Chop House,DINNER,2.0
12,2020-12-04,South Place Chop House,LUNCH,2.0
13,2020-12-05,14 Hills,DINNER,2.0
14,2020-12-05,Bluebird Chelsea PDR,LUNCH,15.0
15,2020-12-05,Blueprint Café,DINNER,100.0
16,2020-12-05,Cantina del Ponte,DINNER,2.0
17,2020-12-05,Klosterhaus,DINNER,5.0
18,2020-12-05,Klosterhaus,LUNCH,7.0
19,2020-12-05,Old Bengal Bar,LUNCH,6.0
20,2020-12-05,Radici,LUNCH,11.0
21,2020-12-05,South Place Chop House,DINNER,14.0
22,2020-12-05,South Place Chop House,LUNCH,2.0
23,2020-12-06,Quaglino’s Restaurant,LUNCH,4.0
24,2020-12-07,Angelica,LUNCH,2.0
25,2020-12-07,Plateau Restaurant,DINNER,2.0
26,2020-12-07,Sartoria,DINNER,4.0
27,2020-12-07,South Place Chop House,DINNER,3.0
28,2020-12-08,100 Wardour St. Restaurant & Club,DINNER,2.0
29,2020-12-08,100 Wardour St. Restaurant & Club,LUNCH,4.0
30,2020-12-08,14 Hills,DINNER,52.0
31,2020-12-08,14 Hills,LUNCH,53.0
32,2020-12-08,Angler Restaurant,DINNER,12.0
33,2020-12-08,Aster Cafe,DINNER,14.0
34,2020-12-08,Aster Cafe,LUNCH,6.0
35,2020-12-08,Aster Restaurant,DINNER,14.0
36,2020-12-08,Aster Restaurant,LUNCH,11.0
37,2020-12-08,Avenue,DINNER,4.0
38,2020-12-08,Avenue,LUNCH,10.0
39,2020-12-08,Bluebird Chelsea Café,DINNER,15.0
40,2020-12-08,Bluebird Chelsea Café,LUNCH,10.0
41,2020-12-08,Bluebird Chelsea Restaurant,DINNER,74.0
42,2020-12-08,Bluebird Chelsea Restaurant,LUNCH,34.0
43,2020-12-08,Bluebird White City,DINNER,22.0
44,2020-12-08,Butlers Wharf Chophouse Restaurant,DINNER,34.0
45,2020-12-08,Butlers Wharf Chophouse Restaurant,LUNCH,12.0
46,2020-12-08,Cantina del Ponte,DINNER,42.0
47,2020-12-08,Cantina del Ponte,LUNCH,8.0
48,2020-12-08,Coq d'Argent Grill,DINNER,69.0
49,2020-12-08,Coq d'Argent Grill,LUNCH,51.0
50,2020-12-08,Coq d'Argent Restaurant,DINNER,58.0
51,2020-12-08,Coq d'Argent Restaurant,LUNCH,53.0
52,2020-12-08,Fish Market,DINNER,8.0
53,2020-12-08,Fish Market,LUNCH,2.0
54,2020-12-08,Fiume,DINNER,40.0
55,2020-12-08,Grand Café & Restaurant,DINNER,191.0
56,2020-12-08,Grand Café & Restaurant,LUNCH,131.0
57,2020-12-08,Madison Restaurant,DINNER,124.0
58,2020-12-08,New Street Grill,DINNER,12.0
59,2020-12-08,New Street Grill,LUNCH,2.0
60,2020-12-08,Orrery,DINNER,24.0
61,2020-12-08,Orrery,LUNCH,57.0
62,2020-12-08,Paternoster Chophouse,DINNER,38.0
63,2020-12-08,Paternoster Chophouse,LUNCH,15.0
64,2020-12-08,Plateau Restaurant,DINNER,13.0
65,2020-12-08,Plateau Restaurant,LUNCH,12.0
66,2020-12-08,Plateau Terrace,DINNER,8.0
67,2020-12-08,Pont de la Tour Bar & Grill,DINNER,10.0
68,2020-12-08,Pont de la Tour Restaurant,DINNER,66.0
69,2020-12-08,Pont de la Tour Restaurant,LUNCH,45.0
70,2020-12-08,Quaglino's Bar,DINNER,2.0
71,2020-12-08,Quaglino’s Restaurant,DINNER,85.0
72,2020-12-08,Radici,DINNER,41.0
73,2020-12-08,Radici,LUNCH,2.0
74,2020-12-08,Sartoria,DINNER,11.0
75,2020-12-08,Sartoria,LUNCH,22.0
76,2020-12-08,South Place Chop House,DINNER,7.0
77,2020-12-08,South Place Chop House,LUNCH,18.0
78,2020-12-08,The Modern Pantry,LUNCH,7.0
79,2020-12-08,The Secret Garden,DINNER,10.0
80,2020-12-09,100 Wardour Lounge Bar,LUNCH,6.0
81,2020-12-09,100 Wardour St. Restaurant & Club,DINNER,14.0
82,2020-12-09,100 Wardour St. Restaurant & Club,LUNCH,8.0
83,2020-12-09,100 Wardour Street Bar & Lounge,DINNER,28.0
84,2020-12-09,100 Wardour Street Bar & Lounge,LUNCH,10.0
85,2020-12-09,14 Hills,DINNER,113.0
86,2020-12-09,14 Hills,LUNCH,53.0
87,2020-12-09,Angler Restaurant,DINNER,22.0
88,2020-12-09,Aster Cafe,DINNER,13.0
89,2020-12-09,Aster Cafe,LUNCH,4.0
90,2020-12-09,Aster Restaurant,DINNER,11.0
91,2020-12-09,Aster Restaurant,LUNCH,2.0
92,2020-12-09,Avenue,LUNCH,10.0
93,2020-12-09,Bluebird Chelsea Café,DINNER,19.0
94,2020-12-09,Bluebird Chelsea Café,LUNCH,14.0
95,2020-12-09,Bluebird Chelsea Restaurant,DINNER,67.0
96,2020-12-09,Bluebird Chelsea Restaurant,LUNCH,55.0
97,2020-12-09,Bluebird White City,DINNER,7.0
98,2020-12-09,Bluebird White City,LUNCH,10.0
99,2020-12-09,Butlers Wharf Chophouse Restaurant,DINNER,56.0
100,2020-12-09,Butlers Wharf Chophouse Restaurant,LUNCH,46.0
101,2020-12-09,Cantina del Ponte,DINNER,30.0
102,2020-12-09,Cantina del Ponte,LUNCH,25.0
103,2020-12-09,Coq d'Argent Grill,DINNER,86.0
104,2020-12-09,Coq d'Argent Grill,LUNCH,58.0
105,2020-12-09,Coq d'Argent Restaurant,DINNER,58.0
106,2020-12-09,Coq d'Argent Restaurant,LUNCH,64.0
107,2020-12-09,Fish Market,DINNER,14.0
108,2020-12-09,Fish Market,LUNCH,10.0
109,2020-12-09,Fiume,DINNER,35.0
110,2020-12-09,Fiume,LUNCH,4.0
111,2020-12-09,Grand Café & Restaurant,DINNER,250.0
112,2020-12-09,Grand Café & Restaurant,LUNCH,256.0
113,2020-12-09,Launceston Place,DINNER,22.0
114,2020-12-09,Launceston Place,LUNCH,9.0
115,2020-12-09,Madison Restaurant,DINNER,144.0
116,2020-12-09,New Street Grill,DINNER,25.0
117,2020-12-09,New Street Grill,LUNCH,12.0
118,2020-12-09,Old Bengal Bar,LUNCH,6.0
119,2020-12-09,Orrery,DINNER,63.0
120,2020-12-09,Orrery,LUNCH,56.0
121,2020-12-09,Paternoster Chophouse,DINNER,31.0
122,2020-12-09,Paternoster Chophouse,LUNCH,29.0
123,2020-12-09,Plateau Restaurant,DINNER,15.0
124,2020-12-09,Plateau Restaurant,LUNCH,6.0
125,2020-12-09,Pont de la Tour Bar & Grill,DINNER,17.0
126,2020-12-09,Pont de la Tour Bar & Grill,LUNCH,4.0
127,2020-12-09,Pont de la Tour Restaurant,DINNER,96.0
128,2020-12-09,Pont de la Tour Restaurant,LUNCH,50.0
129,2020-12-09,Quaglino's Bar,DINNER,4.0
130,2020-12-09,Quaglino's Bar,LUNCH,4.0
131,2020-12-09,Quaglino's PDR,LUNCH,13.0
132,2020-12-09,Quaglino’s Restaurant,DINNER,74.0
133,2020-12-09,Quaglino’s Restaurant,LUNCH,27.0
134,2020-12-09,Radici,DINNER,28.0
135,2020-12-09,Radici,LUNCH,2.0
136,2020-12-09,Sartoria,DINNER,32.0
137,2020-12-09,Sartoria,LUNCH,32.0
138,2020-12-09,South Place Chop House,DINNER,8.0
139,2020-12-09,South Place Chop House,LUNCH,13.0
140,2020-12-09,The Modern Pantry,DINNER,5.0
141,2020-12-09,The Modern Pantry,LUNCH,11.0
142,2020-12-09,The Secret Garden,DINNER,9.0
143,2020-12-10,100 Wardour Lounge Bar,LUNCH,5.0
144,2020-12-10,100 Wardour St. Restaurant & Club,DINNER,71.0
145,2020-12-10,100 Wardour St. Restaurant & Club,LUNCH,35.0
146,2020-12-10,100 Wardour Street Bar & Lounge,DINNER,29.0
147,2020-12-10,100 Wardour Street Bar & Lounge,LUNCH,6.0
148,2020-12-10,14 Hills,DINNER,124.0
149,2020-12-10,14 Hills,LUNCH,106.0
150,2020-12-10,Angler Restaurant,DINNER,32.0
151,2020-12-10,Angler Restaurant,LUNCH,34.0
152,2020-12-10,Aster Cafe,DINNER,14.0
153,2020-12-10,Aster Cafe,LUNCH,11.0
154,2020-12-10,Aster Restaurant,DINNER,13.0
155,2020-12-10,Aster Restaurant,LUNCH,10.0
156,2020-12-10,Avenue,DINNER,5.0
157,2020-12-10,Avenue,LUNCH,20.0
158,2020-12-10,Bluebird Chelsea Café,DINNER,35.0
159,2020-12-10,Bluebird Chelsea Café,LUNCH,12.0
160,2020-12-10,Bluebird Chelsea PDR,LUNCH,8.0
161,2020-12-10,Bluebird Chelsea Restaurant,DINNER,142.0
162,2020-12-10,Bluebird Chelsea Restaurant,LUNCH,47.0
163,2020-12-10,Bluebird White City,DINNER,29.0
164,2020-12-10,Butlers Wharf Chophouse Restaurant,DINNER,97.0
165,2020-12-10,Butlers Wharf Chophouse Restaurant,LUNCH,69.0
166,2020-12-10,Cantina del Ponte,DINNER,53.0
167,2020-12-10,Cantina del Ponte,LUNCH,8.0
168,2020-12-10,Coq d'Argent Grill,DINNER,75.0
169,2020-12-10,Coq d'Argent Grill,LUNCH,89.0
170,2020-12-10,Coq d'Argent Restaurant,DINNER,62.0
171,2020-12-10,Coq d'Argent Restaurant,LUNCH,82.0
172,2020-12-10,Fish Market,DINNER,15.0
173,2020-12-10,Fish Market,LUNCH,9.0
174,2020-12-10,Fiume,DINNER,53.0
175,2020-12-10,Fiume,LUNCH,9.0
176,2020-12-10,Grand Café & Restaurant,DINNER,265.0
177,2020-12-10,Grand Café & Restaurant,LUNCH,253.0
178,2020-12-10,Launceston Place,DINNER,25.0
179,2020-12-10,Launceston Place,LUNCH,9.0
180,2020-12-10,Madison Restaurant,DINNER,208.0
181,2020-12-10,New Street Grill,DINNER,60.0
182,2020-12-10,New Street Grill,LUNCH,47.0
183,2020-12-10,Old Bengal Bar,LUNCH,6.0
184,2020-12-10,Orrery,DINNER,81.0
185,2020-12-10,Orrery,LUNCH,66.0
186,2020-12-10,Paternoster Chophouse,DINNER,78.0
187,2020-12-10,Paternoster Chophouse,LUNCH,37.0
188,2020-12-10,Plateau Restaurant,DINNER,12.0
189,2020-12-10,Plateau Restaurant,LUNCH,10.0
190,2020-12-10,Plateau Terrace,DINNER,14.0
191,2020-12-10,Plateau Terrace,LUNCH,9.0
192,2020-12-10,Pont de la Tour Bar & Grill,DINNER,26.0
193,2020-12-10,Pont de la Tour Bar & Grill,LUNCH,5.0
194,2020-12-10,Pont de la Tour Restaurant,DINNER,87.0
195,2020-12-10,Pont de la Tour Restaurant,LUNCH,53.0
196,2020-12-10,Quaglino's Bar,DINNER,75.0
197,2020-12-10,Quaglino's Bar,LUNCH,12.0
198,2020-12-10,Quaglino's PDR,DINNER,20.0
199,2020-12-10,Quaglino's PDR,LUNCH,11.0
200,2020-12-10,Quaglino’s Restaurant,DINNER,197.0
201,2020-12-10,Quaglino’s Restaurant,LUNCH,60.0
202,2020-12-10,Radici,DINNER,24.0
203,2020-12-10,Radici,LUNCH,6.0
204,2020-12-10,Sartoria,DINNER,25.0
205,2020-12-10,Sartoria,LUNCH,25.0
206,2020-12-10,Skylon Restaurant,DINNER,58.0
207,2020-12-10,Skylon Restaurant,LUNCH,38.0
208,2020-12-10,South Place Chop House,DINNER,12.0
209,2020-12-10,South Place Chop House,LUNCH,38.0
210,2020-12-10,The Modern Pantry,DINNER,12.0
211,2020-12-10,The Modern Pantry,LUNCH,8.0
212,2020-12-10,The Secret Garden,DINNER,39.0
213,2020-12-11,100 Wardour Lounge Bar,LUNCH,51.0
214,2020-12-11,100 Wardour St Club Bar,LUNCH,70.0
215,2020-12-11,100 Wardour St. Restaurant & Club,DINNER,176.0
216,2020-12-11,100 Wardour St. Restaurant & Club,LUNCH,6.0
217,2020-12-11,100 Wardour Street Bar & Lounge,DINNER,73.0
218,2020-12-11,100 Wardour Street Bar & Lounge,LUNCH,4.0
219,2020-12-11,14 Hills,DINNER,159.0
220,2020-12-11,14 Hills,LUNCH,117.0
221,2020-12-11,Angler Restaurant,DINNER,55.0
222,2020-12-11,Angler Restaurant,LUNCH,38.0
223,2020-12-11,Aster Cafe,DINNER,26.0
224,2020-12-11,Aster Restaurant,DINNER,20.0
225,2020-12-11,Aster Restaurant,LUNCH,2.0
226,2020-12-11,Avenue,DINNER,35.0
227,2020-12-11,Avenue,LUNCH,8.0
228,2020-12-11,Bluebird Chelsea Café,DINNER,31.0
229,2020-12-11,Bluebird Chelsea Café,LUNCH,19.0
230,2020-12-11,Bluebird Chelsea Restaurant,DINNER,183.0
231,2020-12-11,Bluebird Chelsea Restaurant,LUNCH,99.0
232,2020-12-11,Bluebird White City,DINNER,8.0
233,2020-12-11,Butlers Wharf Chophouse Restaurant,DINNER,84.0
234,2020-12-11,Butlers Wharf Chophouse Restaurant,LUNCH,74.0
235,2020-12-11,Cantina del Ponte,DINNER,83.0
236,2020-12-11,Cantina del Ponte,LUNCH,39.0
237,2020-12-11,Coq d'Argent Grill,DINNER,99.0
238,2020-12-11,Coq d'Argent Grill,LUNCH,110.0
239,2020-12-11,Coq d'Argent Restaurant,DINNER,95.0
240,2020-12-11,Coq d'Argent Restaurant,LUNCH,70.0
241,2020-12-11,Fish Market,DINNER,22.0
242,2020-12-11,Fiume,DINNER,91.0
243,2020-12-11,Fiume,LUNCH,31.0
244,2020-12-11,Grand Café & Restaurant,DINNER,305.0
245,2020-12-11,Grand Café & Restaurant,LUNCH,275.0
246,2020-12-11,Issho Bar,LUNCH,2.0
247,2020-12-11,Launceston Place,DINNER,42.0
248,2020-12-11,Launceston Place,LUNCH,17.0
249,2020-12-11,Madison Restaurant,DINNER,323.0
250,2020-12-11,New Street Grill,DINNER,30.0
251,2020-12-11,New Street Grill,LUNCH,56.0
252,2020-12-11,Old Bengal Bar,LUNCH,35.0
253,2020-12-11,Orrery,DINNER,113.0
254,2020-12-11,Orrery,LUNCH,87.0
255,2020-12-11,Paternoster Chophouse,DINNER,65.0
256,2020-12-11,Paternoster Chophouse,LUNCH,28.0
257,2020-12-11,Plateau Restaurant,DINNER,38.0
258,2020-12-11,Plateau Restaurant,LUNCH,7.0
259,2020-12-11,Plateau Terrace,DINNER,39.0
260,2020-12-11,Plateau Terrace,LUNCH,8.0
261,2020-12-11,Pont de la Tour Bar & Grill,DINNER,12.0
262,2020-12-11,Pont de la Tour Bar & Grill,LUNCH,23.0
263,2020-12-11,Pont de la Tour Restaurant,DINNER,101.0
264,2020-12-11,Pont de la Tour Restaurant,LUNCH,72.0
265,2020-12-11,Quaglino's Bar,DINNER,104.0
266,2020-12-11,Quaglino's Bar,LUNCH,37.0
267,2020-12-11,Quaglino’s Restaurant,DINNER,334.0
268,2020-12-11,Quaglino’s Restaurant,LUNCH,94.0
269,2020-12-11,Radici,DINNER,47.0
270,2020-12-11,Radici,LUNCH,4.0
271,2020-12-11,Sartoria,DINNER,55.0
272,2020-12-11,Sartoria,LUNCH,35.0
273,2020-12-11,Skylon Restaurant,DINNER,60.0
274,2020-12-11,Skylon Restaurant,LUNCH,53.0
275,2020-12-11,South Place Chop House,DINNER,2.0
276,2020-12-11,South Place Chop House,LUNCH,53.0
277,2020-12-11,The Modern Pantry,DINNER,31.0
278,2020-12-11,The Modern Pantry,LUNCH,15.0
279,2020-12-11,The Secret Garden,DINNER,23.0
280,2020-12-12,100 Wardour Lounge Bar,LUNCH,16.0
281,2020-12-12,100 Wardour St Club Bar,LUNCH,6.0
282,2020-12-12,100 Wardour St. Restaurant & Club,DINNER,191.0
283,2020-12-12,100 Wardour St. Restaurant & Club,LUNCH,276.0
284,2020-12-12,100 Wardour Street Bar & Lounge,DINNER,83.0
285,2020-12-12,100 Wardour Street Bar & Lounge,LUNCH,145.0
286,2020-12-12,14 Hills,DINNER,158.0
287,2020-12-12,14 Hills,LUNCH,185.0
288,2020-12-12,Angler Restaurant,DINNER,63.0
289,2020-12-12,Angler Restaurant,LUNCH,27.0
290,2020-12-12,Aster Cafe,DINNER,36.0
291,2020-12-12,Aster Cafe,LUNCH,10.0
292,2020-12-12,Aster Restaurant,DINNER,22.0
293,2020-12-12,Aster Restaurant,LUNCH,45.0
294,2020-12-12,Avenue,DINNER,30.0
295,2020-12-12,Avenue,LUNCH,92.0
296,2020-12-12,Bluebird Chelsea Café,LUNCH,52.0
297,2020-12-12,Bluebird Chelsea PDR,LUNCH,61.0
298,2020-12-12,Bluebird Chelsea Restaurant,DINNER,211.0
299,2020-12-12,Bluebird Chelsea Restaurant,LUNCH,154.0
300,2020-12-12,Bluebird White City,DINNER,10.0
301,2020-12-12,Bluebird White City,LUNCH,16.0
302,2020-12-12,Butlers Wharf Chophouse Restaurant,DINNER,94.0
303,2020-12-12,Butlers Wharf Chophouse Restaurant,LUNCH,83.0
304,2020-12-12,Cantina del Ponte,DINNER,95.0
305,2020-12-12,Cantina del Ponte,LUNCH,51.0
306,2020-12-12,Coq d'Argent Grill,DINNER,87.0
307,2020-12-12,Coq d'Argent Grill,LUNCH,108.0
308,2020-12-12,Coq d'Argent Restaurant,DINNER,74.0
309,2020-12-12,Coq d'Argent Restaurant,LUNCH,79.0
310,2020-12-12,Fish Market,DINNER,2.0
311,2020-12-12,Fish Market,LUNCH,13.0
312,2020-12-12,Fiume,DINNER,97.0
313,2020-12-12,Fiume,LUNCH,27.0
314,2020-12-12,Grand Café & Restaurant,DINNER,356.0
315,2020-12-12,Grand Café & Restaurant,LUNCH,345.0
316,2020-12-12,Launceston Place,DINNER,37.0
317,2020-12-12,Launceston Place,LUNCH,18.0
318,2020-12-12,Madison Restaurant,LUNCH,387.0
319,2020-12-12,New Street Grill,DINNER,59.0
320,2020-12-12,New Street Grill,LUNCH,77.0
321,2020-12-12,Old Bengal Bar,LUNCH,4.0
322,2020-12-12,Orrery,DINNER,104.0
323,2020-12-12,Orrery,LUNCH,99.0
324,2020-12-12,Paternoster Chophouse,DINNER,129.0
325,2020-12-12,Paternoster Chophouse,LUNCH,24.0
326,2020-12-12,Plateau Restaurant,DINNER,64.0
327,2020-12-12,Plateau Restaurant,LUNCH,47.0
328,2020-12-12,Plateau Terrace,DINNER,49.0
329,2020-12-12,Plateau Terrace,LUNCH,78.0
330,2020-12-12,Pont de la Tour Bar & Grill,DINNER,22.0
331,2020-12-12,Pont de la Tour Bar & Grill,LUNCH,18.0
332,2020-12-12,Pont de la Tour Restaurant,DINNER,114.0
333,2020-12-12,Pont de la Tour Restaurant,LUNCH,88.0
334,2020-12-12,Quaglino's Bar,DINNER,67.0
335,2020-12-12,Quaglino's Bar,LUNCH,103.0
336,2020-12-12,Quaglino’s Restaurant,DINNER,357.0
337,2020-12-12,Quaglino’s Restaurant,LUNCH,293.0
338,2020-12-12,Radici,DINNER,26.0
339,2020-12-12,Radici,LUNCH,34.0
340,2020-12-12,Sartoria,DINNER,51.0
341,2020-12-12,Sartoria,LUNCH,35.0
342,2020-12-12,Skylon Restaurant,DINNER,106.0
343,2020-12-12,Skylon Restaurant,LUNCH,150.0
344,2020-12-12,South Place Chop House,DINNER,6.0
345,2020-12-12,South Place Chop House,LUNCH,48.0
346,2020-12-12,The Modern Pantry,DINNER,25.0
347,2020-12-12,The Modern Pantry,LUNCH,58.0
348,2020-12-12,The Secret Garden,DINNER,11.0
349,2020-12-12,The Secret Garden,LUNCH,42.0
350,2020-12-13,100 Wardour St. Restaurant & Club,LUNCH,213.0
351,2020-12-13,14 Hills,DINNER,92.0
352,2020-12-13,14 Hills,LUNCH,141.0
353,2020-12-13,Angler Restaurant,LUNCH,8.0
354,2020-12-13,Aster Cafe,LUNCH,37.0
355,2020-12-13,Aster Restaurant,LUNCH,32.0
356,2020-12-13,Avenue,LUNCH,31.0
357,2020-12-13,Bluebird Chelsea Café,LUNCH,14.0
358,2020-12-13,Bluebird Chelsea Restaurant,DINNER,54.0
359,2020-12-13,Bluebird Chelsea Restaurant,LUNCH,146.0
360,2020-12-13,Bluebird White City,LUNCH,10.0
361,2020-12-13,Butlers Wharf Chophouse Restaurant,LUNCH,101.0
362,2020-12-13,Cantina del Ponte,LUNCH,28.0
363,2020-12-13,Coq d'Argent Grill,LUNCH,76.0
364,2020-12-13,Coq d'Argent Restaurant,LUNCH,32.0
365,2020-12-13,Fiume,LUNCH,41.0
366,2020-12-13,Grand Café & Restaurant,DINNER,107.0
367,2020-12-13,Grand Café & Restaurant,LUNCH,261.0
368,2020-12-13,Launceston Place,DINNER,14.0
369,2020-12-13,Launceston Place,LUNCH,14.0
370,2020-12-13,Madison Restaurant,LUNCH,257.0
371,2020-12-13,New Street Grill,LUNCH,25.0
372,2020-12-13,Orrery,LUNCH,76.0
373,2020-12-13,Paternoster Chophouse,LUNCH,33.0
374,2020-12-13,Plateau Restaurant,LUNCH,23.0
375,2020-12-13,Plateau Terrace,LUNCH,38.0
376,2020-12-13,Pont de la Tour Bar & Grill,LUNCH,21.0
377,2020-12-13,Pont de la Tour Restaurant,LUNCH,87.0
378,2020-12-13,Quaglino's Bar,LUNCH,18.0
379,2020-12-13,Quaglino’s Restaurant,LUNCH,362.0
380,2020-12-13,Radici,LUNCH,35.0
381,2020-12-13,Skylon Restaurant,DINNER,14.0
382,2020-12-13,Skylon Restaurant,LUNCH,49.0
383,2020-12-13,South Place Chop House,DINNER,8.0
384,2020-12-13,South Place Chop House,LUNCH,22.0
385,2020-12-13,The Modern Pantry,LUNCH,46.0
386,2020-12-13,The Secret Garden,LUNCH,21.0
387,2020-12-14,100 Wardour St. Restaurant & Club,DINNER,5.0
388,2020-12-14,100 Wardour Street Bar & Lounge,LUNCH,6.0
389,2020-12-14,14 Hills,DINNER,43.0
390,2020-12-14,14 Hills,LUNCH,35.0
391,2020-12-14,Aster Cafe,LUNCH,4.0
392,2020-12-14,Aster Restaurant,DINNER,9.0
393,2020-12-14,Aster Restaurant,LUNCH,6.0
394,2020-12-14,Bluebird Chelsea Café,DINNER,10.0
395,2020-12-14,Bluebird Chelsea Café,LUNCH,7.0
396,2020-12-14,Bluebird Chelsea Restaurant,DINNER,11.0
397,2020-12-14,Bluebird Chelsea Restaurant,LUNCH,15.0
398,2020-12-14,Bluebird White City,DINNER,9.0
399,2020-12-14,Coq d'Argent Grill,DINNER,61.0
400,2020-12-14,Coq d'Argent Grill,LUNCH,66.0
401,2020-12-14,Coq d'Argent Restaurant,DINNER,22.0
402,2020-12-14,Coq d'Argent Restaurant,LUNCH,43.0
403,2020-12-14,Grand Café & Restaurant,DINNER,117.0
404,2020-12-14,Grand Café & Restaurant,LUNCH,60.0
405,2020-12-14,Madison Restaurant,DINNER,86.0
406,2020-12-14,New Street Grill,DINNER,6.0
407,2020-12-14,New Street Grill,LUNCH,2.0
408,2020-12-14,Orrery,DINNER,20.0
409,2020-12-14,Orrery,LUNCH,32.0
410,2020-12-14,Paternoster Chophouse,DINNER,12.0
411,2020-12-14,Paternoster Chophouse,LUNCH,12.0
412,2020-12-14,Plateau Restaurant,DINNER,4.0
413,2020-12-14,Plateau Terrace,DINNER,19.0
414,2020-12-14,Plateau Terrace,LUNCH,2.0
415,2020-12-14,Pont de la Tour Restaurant,DINNER,4.0
416,2020-12-14,Quaglino’s Restaurant,DINNER,24.0
417,2020-12-14,Quaglino’s Restaurant,LUNCH,22.0
418,2020-12-14,Sartoria,LUNCH,20.0
419,2020-12-14,Skylon Restaurant,DINNER,28.0
420,2020-12-14,Skylon Restaurant,LUNCH,27.0
421,2020-12-14,South Place Chop House,DINNER,4.0
422,2020-12-14,South Place Chop House,LUNCH,2.0
423,2020-12-14,The Secret Garden,DINNER,2.0
424,2020-12-14,The Secret Garden,LUNCH,2.0
425,2020-12-15,100 Wardour St. Restaurant & Club,DINNER,9.0
426,2020-12-15,100 Wardour St. Restaurant & Club,LUNCH,2.0
427,2020-12-15,100 Wardour Street Bar & Lounge,LUNCH,16.0
428,2020-12-15,14 Hills,DINNER,22.0
429,2020-12-15,14 Hills,LUNCH,37.0
430,2020-12-15,Aster Cafe,LUNCH,8.0
431,2020-12-15,Aster Restaurant,DINNER,2.0
432,2020-12-15,Aster Restaurant,LUNCH,10.0
433,2020-12-15,Avenue,LUNCH,8.0
434,2020-12-15,Bluebird Chelsea Café,LUNCH,6.0
435,2020-12-15,Bluebird Chelsea Restaurant,DINNER,43.0
436,2020-12-15,Bluebird Chelsea Restaurant,LUNCH,25.0
437,2020-12-15,Bluebird White City,DINNER,7.0
438,2020-12-15,Bluebird White City,LUNCH,4.0
439,2020-12-15,Butlers Wharf Chophouse Restaurant,DINNER,6.0
440,2020-12-15,Butlers Wharf Chophouse Restaurant,LUNCH,36.0
441,2020-12-15,Cantina del Ponte,DINNER,47.0
442,2020-12-15,Cantina del Ponte,LUNCH,9.0
443,2020-12-15,Coq d'Argent Grill,DINNER,65.0
444,2020-12-15,Coq d'Argent Grill,LUNCH,60.0
445,2020-12-15,Coq d'Argent Restaurant,DINNER,18.0
446,2020-12-15,Coq d'Argent Restaurant,LUNCH,90.0
447,2020-12-15,Fish Market,DINNER,2.0
448,2020-12-15,Fish Market,LUNCH,2.0
449,2020-12-15,Fiume,DINNER,11.0
450,2020-12-15,Grand Café & Restaurant,DINNER,136.0
451,2020-12-15,Grand Café & Restaurant,LUNCH,109.0
452,2020-12-15,Klosterhaus,DINNER,3.0
453,2020-12-15,Launceston Place,DINNER,11.0
454,2020-12-15,Madison Restaurant,DINNER,91.0
455,2020-12-15,New Street Grill,DINNER,7.0
456,2020-12-15,New Street Grill,LUNCH,24.0
457,2020-12-15,Orrery,DINNER,53.0
458,2020-12-15,Orrery,LUNCH,34.0
459,2020-12-15,Paternoster Chophouse,DINNER,4.0
460,2020-12-15,Paternoster Chophouse,LUNCH,38.0
461,2020-12-15,Plateau Restaurant,DINNER,6.0
462,2020-12-15,Plateau Terrace,DINNER,4.0
463,2020-12-15,Plateau Terrace,LUNCH,4.0
464,2020-12-15,Pont de la Tour Bar & Grill,DINNER,3.0
465,2020-12-15,Pont de la Tour Restaurant,DINNER,61.0
466,2020-12-15,Pont de la Tour Restaurant,LUNCH,55.0
467,2020-12-15,Quaglino's Bar,DINNER,2.0
468,2020-12-15,Quaglino's Bar,LUNCH,2.0
469,2020-12-15,Quaglino's PDR,LUNCH,14.0
470,2020-12-15,Quaglino’s Restaurant,DINNER,34.0
471,2020-12-15,Quaglino’s Restaurant,LUNCH,26.0
472,2020-12-15,Radici,DINNER,2.0
473,2020-12-15,Radici,LUNCH,6.0
474,2020-12-15,Sartoria,DINNER,19.0
475,2020-12-15,Sartoria,LUNCH,13.0
476,2020-12-15,Skylon Restaurant,DINNER,28.0
477,2020-12-15,Skylon Restaurant,LUNCH,23.0
478,2020-12-15,South Place Chop House,DINNER,4.0
479,2020-12-15,South Place Chop House,LUNCH,6.0
480,2020-12-15,The Modern Pantry,DINNER,3.0
481,2020-12-15,The Secret Garden,DINNER,13.0
482,2020-12-16,100 Wardour Lounge Bar,LUNCH,10.0
483,2020-12-16,100 Wardour St. Restaurant & Club,DINNER,6.0
484,2020-12-16,100 Wardour St. Restaurant & Club,LUNCH,15.0
485,2020-12-16,100 Wardour Street Bar & Lounge,DINNER,14.0
486,2020-12-16,14 Hills,DINNER,99.0
487,2020-12-16,14 Hills,LUNCH,83.0
488,2020-12-16,20 Stories,LUNCH,45.0
489,2020-12-16,Angelica,DINNER,12.0
490,2020-12-16,Angler Restaurant,DINNER,27.0
491,2020-12-16,Aster Cafe,DINNER,7.0
492,2020-12-16,Aster Restaurant,LUNCH,4.0
493,2020-12-16,Avenue,DINNER,10.0
494,2020-12-16,Avenue,LUNCH,14.0
495,2020-12-16,Bluebird Chelsea Café,DINNER,5.0
496,2020-12-16,Bluebird Chelsea Café,LUNCH,3.0
497,2020-12-16,Bluebird Chelsea PDR,LUNCH,14.0
498,2020-12-16,Bluebird Chelsea Restaurant,DINNER,46.0
499,2020-12-16,Bluebird Chelsea Restaurant,LUNCH,24.0
500,2020-12-16,Bluebird White City,LUNCH,12.0
501,2020-12-16,Butlers Wharf Chophouse Restaurant,DINNER,11.0
502,2020-12-16,Butlers Wharf Chophouse Restaurant,LUNCH,31.0
503,2020-12-16,Cantina del Ponte,DINNER,11.0
504,2020-12-16,Cantina del Ponte,LUNCH,0.0
505,2020-12-16,Coq d'Argent Grill,DINNER,77.0
506,2020-12-16,Coq d'Argent Grill,LUNCH,91.0
507,2020-12-16,Coq d'Argent Restaurant,DINNER,45.0
508,2020-12-16,Coq d'Argent Restaurant,LUNCH,68.0
509,2020-12-16,Crafthouse,DINNER,2.0
510,2020-12-16,Crafthouse,LUNCH,2.0
511,2020-12-16,East 59th,LUNCH,6.0
512,2020-12-16,Fiume,DINNER,12.0
513,2020-12-16,Fiume,LUNCH,10.0
514,2020-12-16,Grand Café & Restaurant,DINNER,175.0
515,2020-12-16,Grand Café & Restaurant,LUNCH,162.0
516,2020-12-16,Issho Restaurant,DINNER,18.0
517,2020-12-16,Issho Restaurant,LUNCH,4.0
518,2020-12-16,Klosterhaus,DINNER,2.0
519,2020-12-16,Klosterhaus,LUNCH,2.0
520,2020-12-16,Launceston Place,DINNER,14.0
521,2020-12-16,Launceston Place,LUNCH,6.0
522,2020-12-16,Madison Restaurant,DINNER,122.0
523,2020-12-16,New Street Grill,DINNER,5.0
524,2020-12-16,New Street Grill,LUNCH,12.0
525,2020-12-16,Orrery,DINNER,87.0
526,2020-12-16,Orrery,LUNCH,43.0
527,2020-12-16,Paternoster Chophouse,DINNER,42.0
528,2020-12-16,Paternoster Chophouse,LUNCH,32.0
529,2020-12-16,Plateau Restaurant,DINNER,10.0
530,2020-12-16,Plateau Restaurant,LUNCH,2.0
531,2020-12-16,Plateau Terrace,LUNCH,11.0
532,2020-12-16,Pont de la Tour Bar & Grill,LUNCH,5.0
533,2020-12-16,Pont de la Tour Restaurant,DINNER,82.0
534,2020-12-16,Pont de la Tour Restaurant,LUNCH,59.0
535,2020-12-16,Quaglino's Bar,DINNER,8.0
536,2020-12-16,Quaglino's PDR,DINNER,8.0
537,2020-12-16,Quaglino’s Restaurant,DINNER,109.0
538,2020-12-16,Quaglino’s Restaurant,LUNCH,30.0
539,2020-12-16,Radici,DINNER,7.0
540,2020-12-16,Sartoria,DINNER,14.0
541,2020-12-16,Sartoria,LUNCH,27.0
542,2020-12-16,Skylon Restaurant,DINNER,19.0
543,2020-12-16,Skylon Restaurant,LUNCH,48.0
544,2020-12-16,South Place Chop House,DINNER,2.0
545,2020-12-16,South Place Chop House,LUNCH,14.0
546,2020-12-16,The Modern Pantry,DINNER,19.0
547,2020-12-16,The Secret Garden,DINNER,13.0
548,2020-12-16,The Secret Garden,LUNCH,4.0
549,2020-12-17,100 Wardour Lounge Bar,LUNCH,15.0
550,2020-12-17,100 Wardour St. Restaurant & Club,DINNER,105.0
551,2020-12-17,100 Wardour St. Restaurant & Club,LUNCH,43.0
552,2020-12-17,100 Wardour Street Bar & Lounge,DINNER,32.0
553,2020-12-17,100 Wardour Street Bar & Lounge,LUNCH,10.0
554,2020-12-17,14 Hills,DINNER,108.0
555,2020-12-17,14 Hills,LUNCH,75.0
556,2020-12-17,20 Stories,LUNCH,92.0
557,2020-12-17,Angelica,DINNER,11.0
558,2020-12-17,Angler Restaurant,DINNER,56.0
559,2020-12-17,Angler Restaurant,LUNCH,22.0
560,2020-12-17,Aster Cafe,DINNER,10.0
561,2020-12-17,Aster Cafe,LUNCH,7.0
562,2020-12-17,Aster Restaurant,DINNER,4.0
563,2020-12-17,Aster Restaurant,LUNCH,3.0
564,2020-12-17,Avenue,DINNER,13.0
565,2020-12-17,Avenue,LUNCH,2.0
566,2020-12-17,Bluebird Chelsea Café,DINNER,12.0
567,2020-12-17,Bluebird Chelsea PDR,LUNCH,13.0
568,2020-12-17,Bluebird Chelsea Restaurant,DINNER,90.0
569,2020-12-17,Bluebird Chelsea Restaurant,LUNCH,38.0
570,2020-12-17,Bluebird White City,DINNER,5.0
571,2020-12-17,Bluebird White City,LUNCH,3.0
572,2020-12-17,Butlers Wharf Chophouse Restaurant,DINNER,47.0
573,2020-12-17,Butlers Wharf Chophouse Restaurant,LUNCH,18.0
574,2020-12-17,Cantina del Ponte,DINNER,40.0
575,2020-12-17,Cantina del Ponte,LUNCH,18.0
576,2020-12-17,Coq d'Argent Grill,DINNER,70.0
577,2020-12-17,Coq d'Argent Grill,LUNCH,88.0
578,2020-12-17,Coq d'Argent Restaurant,DINNER,45.0
579,2020-12-17,Coq d'Argent Restaurant,LUNCH,89.0
580,2020-12-17,Crafthouse,LUNCH,17.0
581,2020-12-17,East 59th,LUNCH,8.0
582,2020-12-17,Fish Market,DINNER,2.0
583,2020-12-17,Fiume,DINNER,17.0
584,2020-12-17,Fiume,LUNCH,2.0
585,2020-12-17,Grand Café & Restaurant,DINNER,228.0
586,2020-12-17,Grand Café & Restaurant,LUNCH,187.0
587,2020-12-17,Issho Restaurant,DINNER,8.0
588,2020-12-17,Issho Restaurant,LUNCH,10.0
589,2020-12-17,Klosterhaus,DINNER,53.0
590,2020-12-17,Klosterhaus,LUNCH,29.0
591,2020-12-17,Launceston Place,DINNER,20.0
592,2020-12-17,Launceston Place,LUNCH,9.0
593,2020-12-17,Madison Restaurant,DINNER,174.0
594,2020-12-17,New Street Grill,DINNER,32.0
595,2020-12-17,New Street Grill,LUNCH,47.0
596,2020-12-17,Old Bengal Bar,LUNCH,21.0
597,2020-12-17,Orrery,DINNER,66.0
598,2020-12-17,Orrery,LUNCH,46.0
599,2020-12-17,Paternoster Chophouse,DINNER,37.0
600,2020-12-17,Paternoster Chophouse,LUNCH,27.0
601,2020-12-17,Plateau Restaurant,DINNER,2.0
602,2020-12-17,Plateau Terrace,DINNER,30.0
603,2020-12-17,Plateau Terrace,LUNCH,7.0
604,2020-12-17,Pont de la Tour Bar & Grill,DINNER,8.0
605,2020-12-17,Pont de la Tour Bar & Grill,LUNCH,2.0
606,2020-12-17,Pont de la Tour Restaurant,DINNER,87.0
607,2020-12-17,Pont de la Tour Restaurant,LUNCH,48.0
608,2020-12-17,Quaglino's Bar,DINNER,57.0
609,2020-12-17,Quaglino's Bar,LUNCH,7.0
610,2020-12-17,Quaglino's PDR,DINNER,20.0
611,2020-12-17,Quaglino’s Restaurant,DINNER,204.0
612,2020-12-17,Quaglino’s Restaurant,LUNCH,58.0
613,2020-12-17,Radici,DINNER,13.0
614,2020-12-17,Radici,LUNCH,2.0
615,2020-12-17,Sartoria,DINNER,18.0
616,2020-12-17,Sartoria,LUNCH,14.0
617,2020-12-17,Skylon Restaurant,DINNER,37.0
618,2020-12-17,Skylon Restaurant,LUNCH,14.0
619,2020-12-17,South Place Chop House,DINNER,12.0
620,2020-12-17,South Place Chop House,LUNCH,14.0
621,2020-12-17,The Modern Pantry,DINNER,4.0
622,2020-12-17,The Modern Pantry,LUNCH,6.0
623,2020-12-17,The Secret Garden,DINNER,11.0
624,2020-12-17,The Secret Garden,LUNCH,4.0
625,2020-12-18,100 Wardour Lounge Bar,LUNCH,18.0
626,2020-12-18,100 Wardour St. Restaurant & Club,DINNER,121.0
627,2020-12-18,100 Wardour Street Bar & Lounge,DINNER,36.0
628,2020-12-18,100 Wardour Street Bar & Lounge,LUNCH,2.0
629,2020-12-18,14 Hills,DINNER,166.0
630,2020-12-18,14 Hills,LUNCH,56.0
631,2020-12-18,20 Stories,LUNCH,234.0
632,2020-12-18,Angelica,LUNCH,22.0
633,2020-12-18,Angler Restaurant,DINNER,26.0
634,2020-12-18,Angler Restaurant,LUNCH,29.0
635,2020-12-18,Aster Cafe,DINNER,16.0
636,2020-12-18,Aster Cafe,LUNCH,4.0
637,2020-12-18,Aster Restaurant,DINNER,12.0
638,2020-12-18,Aster Restaurant,LUNCH,4.0
639,2020-12-18,Avenue,DINNER,2.0
640,2020-12-18,Avenue,LUNCH,6.0
641,2020-12-18,Bluebird Chelsea Café,DINNER,17.0
642,2020-12-18,Bluebird Chelsea Restaurant,DINNER,143.0
643,2020-12-18,Bluebird Chelsea Restaurant,LUNCH,53.0
644,2020-12-18,Bluebird White City,DINNER,2.0
645,2020-12-18,Butlers Wharf Chophouse Restaurant,DINNER,75.0
646,2020-12-18,Butlers Wharf Chophouse Restaurant,LUNCH,29.0
647,2020-12-18,Cantina del Ponte,DINNER,49.0
648,2020-12-18,Cantina del Ponte,LUNCH,28.0
649,2020-12-18,Coq d'Argent Grill,DINNER,99.0
650,2020-12-18,Coq d'Argent Grill,LUNCH,79.0
651,2020-12-18,Coq d'Argent Restaurant,DINNER,41.0
652,2020-12-18,Coq d'Argent Restaurant,LUNCH,50.0
653,2020-12-18,Crafthouse,DINNER,6.0
654,2020-12-18,East 59th,DINNER,22.0
655,2020-12-18,Fish Market,DINNER,2.0
656,2020-12-18,Fish Market,LUNCH,5.0
657,2020-12-18,Fiume,DINNER,20.0
658,2020-12-18,Fiume,LUNCH,3.0
659,2020-12-18,Grand Café & Restaurant,DINNER,233.0
660,2020-12-18,Grand Café & Restaurant,LUNCH,132.0
661,2020-12-18,Issho Bar,DINNER,2.0
662,2020-12-18,Issho Bar,LUNCH,2.0
663,2020-12-18,Issho Restaurant,DINNER,76.0
664,2020-12-18,Issho Restaurant,LUNCH,4.0
665,2020-12-18,Klosterhaus,DINNER,111.0
666,2020-12-18,Klosterhaus,LUNCH,23.0
667,2020-12-18,Launceston Place,DINNER,18.0
668,2020-12-18,Launceston Place,LUNCH,17.0
669,2020-12-18,Madison Restaurant,DINNER,217.0
670,2020-12-18,New Street Grill,DINNER,15.0
671,2020-12-18,New Street Grill,LUNCH,28.0
672,2020-12-18,Old Bengal Bar,LUNCH,6.0
673,2020-12-18,Orrery,DINNER,109.0
674,2020-12-18,Orrery,LUNCH,49.0
675,2020-12-18,Paternoster Chophouse,DINNER,33.0
676,2020-12-18,Paternoster Chophouse,LUNCH,18.0
677,2020-12-18,Plateau Restaurant,DINNER,13.0
678,2020-12-18,Plateau Terrace,DINNER,7.0
679,2020-12-18,Plateau Terrace,LUNCH,2.0
680,2020-12-18,Pont de la Tour Bar & Grill,DINNER,6.0
681,2020-12-18,Pont de la Tour Bar & Grill,LUNCH,14.0
682,2020-12-18,Pont de la Tour Restaurant,DINNER,92.0
683,2020-12-18,Pont de la Tour Restaurant,LUNCH,41.0
684,2020-12-18,Quaglino's Bar,DINNER,64.0
685,2020-12-18,Quaglino's Bar,LUNCH,24.0
686,2020-12-18,Quaglino's PDR,DINNER,15.0
687,2020-12-18,Quaglino's PDR,LUNCH,8.0
688,2020-12-18,Quaglino’s Restaurant,DINNER,302.0
689,2020-12-18,Quaglino’s Restaurant,LUNCH,48.0
690,2020-12-18,Radici,DINNER,16.0
691,2020-12-18,Radici,LUNCH,5.0
692,2020-12-18,Sartoria,DINNER,23.0
693,2020-12-18,Sartoria,LUNCH,10.0
694,2020-12-18,Skylon Restaurant,DINNER,25.0
695,2020-12-18,Skylon Restaurant,LUNCH,54.0
696,2020-12-18,South Place Chop House,DINNER,2.0
697,2020-12-18,South Place Chop House,LUNCH,4.0
698,2020-12-18,The Modern Pantry,DINNER,2.0
699,2020-12-18,The Secret Garden,DINNER,9.0
700,2020-12-19,100 Wardour Lounge Bar,LUNCH,11.0
701,2020-12-19,100 Wardour St. Restaurant & Club,DINNER,102.0
702,2020-12-19,100 Wardour St. Restaurant & Club,LUNCH,258.0
703,2020-12-19,100 Wardour Street Bar & Lounge,DINNER,80.0
704,2020-12-19,100 Wardour Street Bar & Lounge,LUNCH,124.0
705,2020-12-19,14 Hills,DINNER,157.0
706,2020-12-19,14 Hills,LUNCH,189.0
707,2020-12-19,20 Stories,LUNCH,412.0
708,2020-12-19,Angelica,LUNCH,51.0
709,2020-12-19,Angler Restaurant,DINNER,40.0
710,2020-12-19,Angler Restaurant,LUNCH,6.0
711,2020-12-19,Aster Cafe,DINNER,6.0
712,2020-12-19,Aster Cafe,LUNCH,4.0
713,2020-12-19,Aster Restaurant,DINNER,19.0
714,2020-12-19,Aster Restaurant,LUNCH,14.0
715,2020-12-19,Avenue,DINNER,5.0
716,2020-12-19,Avenue,LUNCH,65.0
717,2020-12-19,Bluebird Chelsea Café,LUNCH,10.0
718,2020-12-19,Bluebird Chelsea PDR,LUNCH,29.0
719,2020-12-19,Bluebird Chelsea Restaurant,DINNER,182.0
720,2020-12-19,Bluebird Chelsea Restaurant,LUNCH,123.0
721,2020-12-19,Bluebird White City,DINNER,9.0
722,2020-12-19,Bluebird White City,LUNCH,4.0
723,2020-12-19,Butlers Wharf Chophouse Restaurant,DINNER,48.0
724,2020-12-19,Butlers Wharf Chophouse Restaurant,LUNCH,40.0
725,2020-12-19,Cantina del Ponte,DINNER,43.0
726,2020-12-19,Cantina del Ponte,LUNCH,27.0
727,2020-12-19,Coq d'Argent Grill,DINNER,87.0
728,2020-12-19,Coq d'Argent Grill,LUNCH,79.0
729,2020-12-19,Coq d'Argent Restaurant,DINNER,44.0
730,2020-12-19,Coq d'Argent Restaurant,LUNCH,38.0
731,2020-12-19,Crafthouse,DINNER,31.0
732,2020-12-19,Crafthouse,LUNCH,8.0
733,2020-12-19,East 59th,DINNER,91.0
734,2020-12-19,Fish Market,DINNER,9.0
735,2020-12-19,Fish Market,LUNCH,15.0
736,2020-12-19,Fiume,DINNER,46.0
737,2020-12-19,Fiume,LUNCH,5.0
738,2020-12-19,Grand Café & Restaurant,DINNER,234.0
739,2020-12-19,Grand Café & Restaurant,LUNCH,213.0
740,2020-12-19,Issho Bar,DINNER,18.0
741,2020-12-19,Issho Bar,LUNCH,21.0
742,2020-12-19,Issho Restaurant,DINNER,107.0
743,2020-12-19,Issho Restaurant,LUNCH,8.0
744,2020-12-19,Klosterhaus,DINNER,152.0
745,2020-12-19,Klosterhaus,LUNCH,97.0
746,2020-12-19,Launceston Place,DINNER,48.0
747,2020-12-19,Launceston Place,LUNCH,2.0
748,2020-12-19,Madison Restaurant,LUNCH,300.0
749,2020-12-19,New Street Grill,DINNER,14.0
750,2020-12-19,New Street Grill,LUNCH,36.0
751,2020-12-19,Orrery,DINNER,79.0
752,2020-12-19,Orrery,LUNCH,68.0
753,2020-12-19,Paternoster Chophouse,DINNER,65.0
754,2020-12-19,Paternoster Chophouse,LUNCH,26.0
755,2020-12-19,Plateau Restaurant,DINNER,24.0
756,2020-12-19,Plateau Restaurant,LUNCH,37.0
757,2020-12-19,Plateau Terrace,DINNER,11.0
758,2020-12-19,Plateau Terrace,LUNCH,45.0
759,2020-12-19,Pont de la Tour Bar & Grill,DINNER,4.0
760,2020-12-19,Pont de la Tour Restaurant,DINNER,104.0
761,2020-12-19,Pont de la Tour Restaurant,LUNCH,66.0
762,2020-12-19,Quaglino's Bar,DINNER,70.0
763,2020-12-19,Quaglino's Bar,LUNCH,81.0
764,2020-12-19,Quaglino's PDR,DINNER,15.0
765,2020-12-19,Quaglino’s Restaurant,DINNER,380.0
766,2020-12-19,Quaglino’s Restaurant,LUNCH,302.0
767,2020-12-19,Radici,LUNCH,24.0
768,2020-12-19,Sartoria,DINNER,46.0
769,2020-12-19,Skylon Restaurant,DINNER,42.0
770,2020-12-19,Skylon Restaurant,LUNCH,72.0
771,2020-12-19,South Place Chop House,DINNER,2.0
772,2020-12-19,South Place Chop House,LUNCH,10.0
773,2020-12-19,The Modern Pantry,LUNCH,13.0
774,2020-12-19,The Secret Garden,DINNER,10.0
775,2020-12-19,The Secret Garden,LUNCH,48.0
776,2020-12-20,100 Wardour St. Restaurant & Club,LUNCH,100.0
777,2020-12-20,14 Hills,DINNER,79.0
778,2020-12-20,14 Hills,LUNCH,82.0
779,2020-12-20,20 Stories,LUNCH,215.0
780,2020-12-20,Angelica,LUNCH,3.0
781,2020-12-20,Angler Restaurant,LUNCH,4.0
782,2020-12-20,Avenue,LUNCH,15.0
783,2020-12-20,Bluebird Chelsea Café,LUNCH,4.0
784,2020-12-20,Bluebird Chelsea Restaurant,DINNER,36.0
785,2020-12-20,Bluebird Chelsea Restaurant,LUNCH,93.0
786,2020-12-20,Bluebird White City,LUNCH,3.0
787,2020-12-20,Butlers Wharf Chophouse Restaurant,LUNCH,26.0
788,2020-12-20,Coq d'Argent Grill,LUNCH,69.0
789,2020-12-20,Coq d'Argent Restaurant,LUNCH,7.0
790,2020-12-20,Crafthouse,LUNCH,26.0
791,2020-12-20,East 59th,LUNCH,5.0
792,2020-12-20,Fiume,LUNCH,18.0
793,2020-12-20,Grand Café & Restaurant,DINNER,59.0
794,2020-12-20,Grand Café & Restaurant,LUNCH,95.0
795,2020-12-20,Issho Restaurant,LUNCH,8.0
796,2020-12-20,Klosterhaus,LUNCH,39.0
797,2020-12-20,Launceston Place,DINNER,10.0
798,2020-12-20,Launceston Place,LUNCH,16.0
799,2020-12-20,Madison Restaurant,LUNCH,183.0
800,2020-12-20,New Street Grill,LUNCH,11.0
801,2020-12-20,Orrery,LUNCH,72.0
802,2020-12-20,Paternoster Chophouse,LUNCH,47.0
803,2020-12-20,Plateau Restaurant,LUNCH,8.0
804,2020-12-20,Plateau Terrace,LUNCH,4.0
805,2020-12-20,Pont de la Tour Restaurant,LUNCH,86.0
806,2020-12-20,Quaglino's Bar,LUNCH,68.0
807,2020-12-20,Quaglino’s Restaurant,LUNCH,372.0
808,2020-12-20,Skylon Restaurant,DINNER,6.0
809,2020-12-20,Skylon Restaurant,LUNCH,14.0
810,2020-12-20,South Place Chop House,DINNER,4.0
811,2020-12-20,South Place Chop House,LUNCH,18.0
812,2020-12-20,The Modern Pantry,LUNCH,2.0
813,2020-12-20,The Secret Garden,LUNCH,7.0
814,2020-12-21,100 Wardour St. Restaurant & Club,DINNER,8.0
815,2020-12-21,100 Wardour Street Bar & Lounge,LUNCH,2.0
816,2020-12-21,14 Hills,DINNER,63.0
817,2020-12-21,14 Hills,LUNCH,33.0
818,2020-12-21,20 Stories,LUNCH,132.0
819,2020-12-21,Angelica,LUNCH,2.0
820,2020-12-21,Angler Restaurant,DINNER,6.0
821,2020-12-21,Aster Cafe,DINNER,4.0
822,2020-12-21,Aster Restaurant,DINNER,4.0
823,2020-12-21,Bluebird Chelsea Café,DINNER,8.0
824,2020-12-21,Bluebird Chelsea Café,LUNCH,4.0
825,2020-12-21,Bluebird Chelsea Restaurant,DINNER,37.0
826,2020-12-21,Bluebird Chelsea Restaurant,LUNCH,12.0
827,2020-12-21,Bluebird White City,DINNER,7.0
828,2020-12-21,Bluebird White City,LUNCH,4.0
829,2020-12-21,Coq d'Argent Grill,DINNER,41.0
830,2020-12-21,Coq d'Argent Grill,LUNCH,58.0
831,2020-12-21,Coq d'Argent Restaurant,DINNER,40.0
832,2020-12-21,Coq d'Argent Restaurant,LUNCH,34.0
833,2020-12-21,Crafthouse,DINNER,5.0
834,2020-12-21,Grand Café & Restaurant,DINNER,91.0
835,2020-12-21,Grand Café & Restaurant,LUNCH,92.0
836,2020-12-21,Issho Restaurant,DINNER,26.0
837,2020-12-21,Issho Restaurant,LUNCH,11.0
838,2020-12-21,Klosterhaus,DINNER,6.0
839,2020-12-21,Klosterhaus,LUNCH,12.0
840,2020-12-21,Madison Restaurant,DINNER,53.0
841,2020-12-21,New Street Grill,DINNER,10.0
842,2020-12-21,New Street Grill,LUNCH,2.0
843,2020-12-21,Orrery,DINNER,32.0
844,2020-12-21,Orrery,LUNCH,25.0
845,2020-12-21,Paternoster Chophouse,DINNER,15.0
846,2020-12-21,Paternoster Chophouse,LUNCH,9.0
847,2020-12-21,Plateau Restaurant,DINNER,11.0
848,2020-12-21,Plateau Terrace,LUNCH,9.0
849,2020-12-21,Quaglino's Bar,LUNCH,2.0
850,2020-12-21,Quaglino’s Restaurant,DINNER,78.0
851,2020-12-21,Quaglino’s Restaurant,LUNCH,15.0
852,2020-12-21,Sartoria,DINNER,6.0
853,2020-12-21,Sartoria,LUNCH,8.0
854,2020-12-21,Skylon Restaurant,DINNER,16.0
855,2020-12-21,Skylon Restaurant,LUNCH,12.0
856,2020-12-21,South Place Chop House,DINNER,2.0
857,2020-12-22,100 Wardour St. Restaurant & Club,DINNER,10.0
858,2020-12-22,100 Wardour St. Restaurant & Club,LUNCH,18.0
859,2020-12-22,100 Wardour Street Bar & Lounge,LUNCH,4.0
860,2020-12-22,14 Hills,DINNER,41.0
861,2020-12-22,14 Hills,LUNCH,24.0
862,2020-12-22,20 Stories,LUNCH,90.0
863,2020-12-22,Angelica,LUNCH,9.0
864,2020-12-22,Angler Restaurant,DINNER,10.0
865,2020-12-22,Aster Cafe,DINNER,2.0
866,2020-12-22,Aster Restaurant,DINNER,3.0
867,2020-12-22,Bluebird Chelsea Café,DINNER,4.0
868,2020-12-22,Bluebird Chelsea Café,LUNCH,5.0
869,2020-12-22,Bluebird Chelsea Restaurant,DINNER,22.0
870,2020-12-22,Bluebird Chelsea Restaurant,LUNCH,22.0
871,2020-12-22,Butlers Wharf Chophouse Restaurant,DINNER,14.0
872,2020-12-22,Butlers Wharf Chophouse Restaurant,LUNCH,27.0
873,2020-12-22,Cantina del Ponte,DINNER,21.0
874,2020-12-22,Cantina del Ponte,LUNCH,7.0
875,2020-12-22,Coq d'Argent Grill,DINNER,31.0
876,2020-12-22,Coq d'Argent Grill,LUNCH,29.0
877,2020-12-22,Coq d'Argent Restaurant,DINNER,22.0
878,2020-12-22,Coq d'Argent Restaurant,LUNCH,9.0
879,2020-12-22,Crafthouse,DINNER,6.0
880,2020-12-22,Crafthouse,LUNCH,6.0
881,2020-12-22,East 59th,DINNER,13.0
882,2020-12-22,Fiume,DINNER,8.0
883,2020-12-22,Grand Café & Restaurant,DINNER,42.0
884,2020-12-22,Grand Café & Restaurant,LUNCH,74.0
885,2020-12-22,Issho Bar,DINNER,4.0
886,2020-12-22,Issho Restaurant,DINNER,20.0
887,2020-12-22,Issho Restaurant,LUNCH,10.0
888,2020-12-22,Klosterhaus,DINNER,34.0
889,2020-12-22,Klosterhaus,LUNCH,12.0
890,2020-12-22,Launceston Place,DINNER,8.0
891,2020-12-22,Madison Restaurant,DINNER,46.0
892,2020-12-22,New Street Grill,LUNCH,4.0
893,2020-12-22,Orrery,DINNER,6.0
894,2020-12-22,Orrery,LUNCH,15.0
895,2020-12-22,Paternoster Chophouse,DINNER,25.0
896,2020-12-22,Paternoster Chophouse,LUNCH,5.0
897,2020-12-22,Plateau Restaurant,DINNER,5.0
898,2020-12-22,Plateau Restaurant,LUNCH,6.0
899,2020-12-22,Plateau Terrace,DINNER,8.0
900,2020-12-22,Pont de la Tour Restaurant,DINNER,50.0
901,2020-12-22,Pont de la Tour Restaurant,LUNCH,49.0
902,2020-12-22,Quaglino's Bar,DINNER,10.0
903,2020-12-22,Quaglino's PDR,DINNER,13.0
904,2020-12-22,Quaglino’s Restaurant,DINNER,96.0
905,2020-12-22,Quaglino’s Restaurant,LUNCH,22.0
906,2020-12-22,Radici,LUNCH,4.0
907,2020-12-22,Sartoria,DINNER,7.0
908,2020-12-22,Sartoria,LUNCH,10.0
909,2020-12-22,Skylon Restaurant,DINNER,29.0
910,2020-12-22,Skylon Restaurant,LUNCH,20.0
911,2020-12-22,South Place Chop House,DINNER,4.0
912,2020-12-22,The Modern Pantry,DINNER,4.0
913,2020-12-22,The Modern Pantry,LUNCH,6.0
914,2020-12-22,The Secret Garden,DINNER,2.0
915,2020-12-23,100 Wardour Lounge Bar,LUNCH,10.0
916,2020-12-23,100 Wardour St. Restaurant & Club,DINNER,9.0
917,2020-12-23,100 Wardour St. Restaurant & Club,LUNCH,12.0
918,2020-12-23,100 Wardour Street Bar & Lounge,DINNER,8.0
919,2020-12-23,14 Hills,DINNER,46.0
920,2020-12-23,14 Hills,LUNCH,8.0
921,2020-12-23,20 Stories,LUNCH,120.0
922,2020-12-23,Angelica,DINNER,10.0
923,2020-12-23,Angler Restaurant,DINNER,11.0
924,2020-12-23,Angler Restaurant,LUNCH,2.0
925,2020-12-23,Avenue,LUNCH,12.0
926,2020-12-23,Bluebird Chelsea Restaurant,DINNER,40.0
927,2020-12-23,Bluebird Chelsea Restaurant,LUNCH,26.0
928,2020-12-23,Butlers Wharf Chophouse Restaurant,DINNER,14.0
929,2020-12-23,Butlers Wharf Chophouse Restaurant,LUNCH,2.0
930,2020-12-23,Coq d'Argent Grill,DINNER,28.0
931,2020-12-23,Coq d'Argent Grill,LUNCH,14.0
932,2020-12-23,Coq d'Argent Restaurant,DINNER,2.0
933,2020-12-23,Coq d'Argent Restaurant,LUNCH,8.0
934,2020-12-23,Crafthouse,DINNER,18.0
935,2020-12-23,Crafthouse,LUNCH,3.0
936,2020-12-23,East 59th,LUNCH,6.0
937,2020-12-23,Fiume,LUNCH,3.0
938,2020-12-23,Grand Café & Restaurant,DINNER,96.0
939,2020-12-23,Grand Café & Restaurant,LUNCH,41.0
940,2020-12-23,Issho Bar,DINNER,7.0
941,2020-12-23,Issho Restaurant,DINNER,53.0
942,2020-12-23,Issho Restaurant,LUNCH,14.0
943,2020-12-23,Klosterhaus,DINNER,33.0
944,2020-12-23,Klosterhaus,LUNCH,10.0
945,2020-12-23,Launceston Place,DINNER,10.0
946,2020-12-23,Launceston Place,LUNCH,9.0
947,2020-12-23,Madison Restaurant,DINNER,53.0
948,2020-12-23,New Street Grill,DINNER,4.0
949,2020-12-23,Orrery,DINNER,11.0
950,2020-12-23,Orrery,LUNCH,30.0
951,2020-12-23,Paternoster Chophouse,DINNER,19.0
952,2020-12-23,Paternoster Chophouse,LUNCH,6.0
953,2020-12-23,Plateau Restaurant,DINNER,2.0
954,2020-12-23,Plateau Terrace,DINNER,2.0
955,2020-12-23,Plateau Terrace,LUNCH,3.0
956,2020-12-23,Pont de la Tour Bar & Grill,DINNER,3.0
957,2020-12-23,Pont de la Tour Restaurant,DINNER,49.0
958,2020-12-23,Pont de la Tour Restaurant,LUNCH,23.0
959,2020-12-23,Quaglino's Bar,DINNER,2.0
960,2020-12-23,Quaglino’s Restaurant,DINNER,143.0
961,2020-12-23,Quaglino’s Restaurant,LUNCH,14.0
962,2020-12-23,Radici,DINNER,10.0
963,2020-12-23,Skylon Restaurant,DINNER,36.0
964,2020-12-23,Skylon Restaurant,LUNCH,11.0
965,2020-12-23,South Place Chop House,DINNER,2.0
966,2020-12-23,South Place Chop House,LUNCH,4.0
967,2020-12-23,The Modern Pantry,LUNCH,5.0
968,2020-12-24,100 Wardour Lounge Bar,LUNCH,2.0
969,2020-12-24,100 Wardour St. Restaurant & Club,DINNER,30.0
970,2020-12-24,14 Hills,LUNCH,14.0
971,2020-12-24,20 Stories,LUNCH,173.0
972,2020-12-24,Angelica,DINNER,41.0
973,2020-12-24,Angler Restaurant,DINNER,2.0
974,2020-12-24,Aster Cafe,DINNER,3.0
975,2020-12-24,Aster Restaurant,DINNER,3.0
976,2020-12-24,Avenue,LUNCH,9.0
977,2020-12-24,Bluebird Chelsea Café,LUNCH,5.0
978,2020-12-24,Bluebird Chelsea Restaurant,DINNER,90.0
979,2020-12-24,Bluebird Chelsea Restaurant,LUNCH,35.0
980,2020-12-24,Bluebird White City,DINNER,6.0
981,2020-12-24,Butlers Wharf Chophouse Restaurant,DINNER,16.0
982,2020-12-24,Butlers Wharf Chophouse Restaurant,LUNCH,4.0
983,2020-12-24,Cantina del Ponte,DINNER,20.0
984,2020-12-24,Coq d'Argent Grill,DINNER,2.0
985,2020-12-24,Coq d'Argent Grill,LUNCH,6.0
986,2020-12-24,Coq d'Argent Restaurant,DINNER,22.0
987,2020-12-24,Coq d'Argent Restaurant,LUNCH,4.0
988,2020-12-24,Crafthouse,DINNER,17.0
989,2020-12-24,Crafthouse,LUNCH,4.0
990,2020-12-24,East 59th,LUNCH,16.0
991,2020-12-24,Fish Market,DINNER,5.0
992,2020-12-24,Fiume,DINNER,6.0
993,2020-12-24,Grand Café & Restaurant,DINNER,58.0
994,2020-12-24,Grand Café & Restaurant,LUNCH,76.0
995,2020-12-24,Issho Bar,DINNER,18.0
996,2020-12-24,Issho Restaurant,DINNER,32.0
997,2020-12-24,Issho Restaurant,LUNCH,12.0
998,2020-12-24,Klosterhaus,DINNER,19.0
999,2020-12-24,Klosterhaus,LUNCH,27.0
1000,2020-12-24,Launceston Place,DINNER,8.0
1001,2020-12-24,Launceston Place,LUNCH,16.0
1002,2020-12-24,Madison Restaurant,DINNER,71.0
1003,2020-12-24,New Street Grill,DINNER,4.0
1004,2020-12-24,New Street Grill,LUNCH,4.0
1005,2020-12-24,Orrery,DINNER,38.0
1006,2020-12-24,Orrery,LUNCH,36.0
1007,2020-12-24,Paternoster Chophouse,LUNCH,22.0
1008,2020-12-24,Pont de la Tour Bar & Grill,DINNER,2.0
1009,2020-12-24,Pont de la Tour Restaurant,DINNER,50.0
1010,2020-12-24,Pont de la Tour Restaurant,LUNCH,14.0
1011,2020-12-24,Quaglino's Bar,DINNER,12.0
1012,2020-12-24,Quaglino's Bar,LUNCH,4.0
1013,2020-12-24,Quaglino’s Restaurant,DINNER,193.0
1014,2020-12-24,Quaglino’s Restaurant,LUNCH,26.0
1015,2020-12-24,Radici,DINNER,6.0
1016,2020-12-24,Radici,LUNCH,5.0
1017,2020-12-24,Sartoria,DINNER,29.0
1018,2020-12-24,Sartoria,LUNCH,25.0
1019,2020-12-24,Skylon Restaurant,DINNER,57.0
1020,2020-12-24,Skylon Restaurant,LUNCH,25.0
1021,2020-12-25,100 Wardour St. Restaurant & Club,LUNCH,4.0
1022,2020-12-25,100 Wardour Street Bar & Lounge,LUNCH,5.0
1023,2020-12-25,20 Stories,LUNCH,48.0
1024,2020-12-25,Angler Restaurant,LUNCH,44.0
1025,2020-12-25,Bluebird Chelsea PDR,LUNCH,24.0
1026,2020-12-25,Bluebird Chelsea Restaurant,LUNCH,145.0
1027,2020-12-25,Butlers Wharf Chophouse Restaurant,LUNCH,117.0
1028,2020-12-25,Cantina del Ponte,LUNCH,7.0
1029,2020-12-25,Crafthouse,LUNCH,6.0
1030,2020-12-25,Fiume,LUNCH,43.0
1031,2020-12-25,Grand Café & Restaurant,LUNCH,268.0
1032,2020-12-25,Klosterhaus,LUNCH,47.0
1033,2020-12-25,Madison Restaurant,DINNER,2.0
1034,2020-12-25,Orrery,LUNCH,62.0
1035,2020-12-25,Pont de la Tour Restaurant,LUNCH,152.0
1036,2020-12-25,Quaglino's Bar,LUNCH,35.0
1037,2020-12-25,Quaglino’s Restaurant,LUNCH,334.0
1038,2020-12-25,Radici,LUNCH,23.0
1039,2020-12-25,Sartoria,DINNER,2.0
1040,2020-12-25,Sartoria,LUNCH,2.0
1041,2020-12-25,Skylon Restaurant,LUNCH,56.0
1042,2020-12-25,South Place Chop House,DINNER,4.0
1043,2020-12-25,South Place Chop House,LUNCH,18.0
1044,2020-12-26,100 Wardour St. Restaurant & Club,DINNER,2.0
1045,2020-12-26,100 Wardour St. Restaurant & Club,LUNCH,17.0
1046,2020-12-26,14 Hills,LUNCH,30.0
1047,2020-12-26,20 Stories,LUNCH,58.0
1048,2020-12-26,Angelica,LUNCH,2.0
1049,2020-12-26,Avenue,LUNCH,2.0
1050,2020-12-26,Bluebird Chelsea Restaurant,DINNER,6.0
1051,2020-12-26,Bluebird Chelsea Restaurant,LUNCH,14.0
1052,2020-12-26,Butlers Wharf Chophouse Restaurant,LUNCH,19.0
1053,2020-12-26,Cantina del Ponte,DINNER,20.0
1054,2020-12-26,Cantina del Ponte,LUNCH,5.0
1055,2020-12-26,Coq d'Argent Grill,DINNER,10.0
1056,2020-12-26,East 59th,DINNER,5.0
1057,2020-12-26,Grand Café & Restaurant,DINNER,14.0
1058,2020-12-26,Grand Café & Restaurant,LUNCH,27.0
1059,2020-12-26,Issho Restaurant,DINNER,6.0
1060,2020-12-26,Klosterhaus,LUNCH,24.0
1061,2020-12-26,Plateau Restaurant,DINNER,2.0
1062,2020-12-26,Pont de la Tour Bar & Grill,DINNER,3.0
1063,2020-12-26,Pont de la Tour Restaurant,DINNER,8.0
1064,2020-12-26,Pont de la Tour Restaurant,LUNCH,17.0
1065,2020-12-26,Quaglino's Bar,DINNER,5.0
1066,2020-12-26,Quaglino’s Restaurant,DINNER,48.0
1067,2020-12-26,Quaglino’s Restaurant,LUNCH,38.0
1068,2020-12-26,South Place Chop House,DINNER,2.0
1069,2020-12-26,South Place Chop House,LUNCH,6.0
1070,2020-12-26,The Modern Pantry,LUNCH,16.0
1071,2020-12-27,100 Wardour St. Restaurant & Club,LUNCH,89.0
1072,2020-12-27,14 Hills,LUNCH,27.0
1073,2020-12-27,20 Stories,LUNCH,77.0
1074,2020-12-27,Angelica,LUNCH,2.0
1075,2020-12-27,Aster Cafe,LUNCH,2.0
1076,2020-12-27,Avenue,LUNCH,13.0
1077,2020-12-27,Bluebird Chelsea Restaurant,DINNER,33.0
1078,2020-12-27,Bluebird Chelsea Restaurant,LUNCH,35.0
1079,2020-12-27,Butlers Wharf Chophouse Restaurant,LUNCH,3.0
1080,2020-12-27,Crafthouse,LUNCH,18.0
1081,2020-12-27,East 59th,LUNCH,9.0
1082,2020-12-27,Grand Café & Restaurant,DINNER,14.0
1083,2020-12-27,Grand Café & Restaurant,LUNCH,25.0
1084,2020-12-27,Issho Restaurant,LUNCH,6.0
1085,2020-12-27,Klosterhaus,LUNCH,8.0
1086,2020-12-27,Launceston Place,DINNER,6.0
1087,2020-12-27,Launceston Place,LUNCH,4.0
1088,2020-12-27,Madison Restaurant,LUNCH,68.0
1089,2020-12-27,New Street Grill,LUNCH,5.0
1090,2020-12-27,Orrery,LUNCH,34.0
1091,2020-12-27,Paternoster Chophouse,LUNCH,4.0
1092,2020-12-27,Plateau Restaurant,LUNCH,6.0
1093,2020-12-27,Plateau Terrace,LUNCH,4.0
1094,2020-12-27,Pont de la Tour Bar & Grill,LUNCH,6.0
1095,2020-12-27,Pont de la Tour Restaurant,LUNCH,48.0
1096,2020-12-27,Quaglino's Bar,LUNCH,26.0
1097,2020-12-27,Quaglino’s Restaurant,LUNCH,221.0
1098,2020-12-27,Skylon Restaurant,DINNER,3.0
1099,2020-12-27,Skylon Restaurant,LUNCH,22.0
1100,2020-12-27,South Place Chop House,DINNER,2.0
1101,2020-12-27,South Place Chop House,LUNCH,2.0
1102,2020-12-27,The Modern Pantry,LUNCH,5.0
1103,2020-12-28,100 Wardour Street Bar & Lounge,LUNCH,15.0
1104,2020-12-28,14 Hills,DINNER,45.0
1105,2020-12-28,14 Hills,LUNCH,8.0
1106,2020-12-28,20 Stories,LUNCH,89.0
1107,2020-12-28,Angelica,LUNCH,9.0
1108,2020-12-28,Bluebird Chelsea Café,LUNCH,6.0
1109,2020-12-28,Bluebird Chelsea Restaurant,DINNER,19.0
1110,2020-12-28,Bluebird Chelsea Restaurant,LUNCH,9.0
1111,2020-12-28,Coq d'Argent Grill,DINNER,12.0
1112,2020-12-28,Coq d'Argent Grill,LUNCH,18.0
1113,2020-12-28,Coq d'Argent Restaurant,DINNER,2.0
1114,2020-12-28,Coq d'Argent Restaurant,LUNCH,4.0
1115,2020-12-28,Crafthouse,DINNER,2.0
1116,2020-12-28,Grand Café & Restaurant,DINNER,33.0
1117,2020-12-28,Grand Café & Restaurant,LUNCH,32.0
1118,2020-12-28,Issho Bar,DINNER,3.0
1119,2020-12-28,Issho Restaurant,DINNER,20.0
1120,2020-12-28,Issho Restaurant,LUNCH,4.0
1121,2020-12-28,Klosterhaus,DINNER,10.0
1122,2020-12-28,Klosterhaus,LUNCH,3.0
1123,2020-12-28,Madison Restaurant,DINNER,62.0
1124,2020-12-28,Orrery,DINNER,6.0
1125,2020-12-28,Orrery,LUNCH,8.0
1126,2020-12-28,Plateau Restaurant,LUNCH,5.0
1127,2020-12-28,Plateau Terrace,LUNCH,7.0
1128,2020-12-28,Quaglino’s Restaurant,DINNER,5.0
1129,2020-12-28,Quaglino’s Restaurant,LUNCH,35.0
1130,2020-12-28,Sartoria,DINNER,2.0
1131,2020-12-28,Skylon Restaurant,DINNER,12.0
1132,2020-12-28,Skylon Restaurant,LUNCH,5.0
1133,2020-12-29,100 Wardour Lounge Bar,LUNCH,2.0
1134,2020-12-29,100 Wardour St. Restaurant & Club,DINNER,4.0
1135,2020-12-29,14 Hills,DINNER,31.0
1136,2020-12-29,14 Hills,LUNCH,16.0
1137,2020-12-29,20 Stories,LUNCH,70.0
1138,2020-12-29,Bluebird Chelsea Restaurant,DINNER,11.0
1139,2020-12-29,Bluebird Chelsea Restaurant,LUNCH,5.0
1140,2020-12-29,Butlers Wharf Chophouse Restaurant,DINNER,24.0
1141,2020-12-29,Butlers Wharf Chophouse Restaurant,LUNCH,4.0
1142,2020-12-29,Coq d'Argent Grill,LUNCH,20.0
1143,2020-12-29,Coq d'Argent Restaurant,DINNER,17.0
1144,2020-12-29,Coq d'Argent Restaurant,LUNCH,4.0
1145,2020-12-29,Crafthouse,LUNCH,2.0
1146,2020-12-29,East 59th,DINNER,2.0
1147,2020-12-29,Fiume,DINNER,2.0
1148,2020-12-29,Grand Café & Restaurant,DINNER,27.0
1149,2020-12-29,Grand Café & Restaurant,LUNCH,22.0
1150,2020-12-29,Issho Restaurant,DINNER,8.0
1151,2020-12-29,Klosterhaus,DINNER,2.0
1152,2020-12-29,Klosterhaus,LUNCH,6.0
1153,2020-12-29,Launceston Place,DINNER,3.0
1154,2020-12-29,Madison Restaurant,DINNER,31.0
1155,2020-12-29,New Street Grill,DINNER,3.0
1156,2020-12-29,Orrery,DINNER,17.0
1157,2020-12-29,Orrery,LUNCH,30.0
1158,2020-12-29,Paternoster Chophouse,LUNCH,4.0
1159,2020-12-29,Pont de la Tour Bar & Grill,DINNER,2.0
1160,2020-12-29,Pont de la Tour Restaurant,DINNER,30.0
1161,2020-12-29,Pont de la Tour Restaurant,LUNCH,16.0
1162,2020-12-29,Quaglino's Bar,DINNER,4.0
1163,2020-12-29,Quaglino’s Restaurant,DINNER,69.0
1164,2020-12-29,Quaglino’s Restaurant,LUNCH,6.0
1165,2020-12-29,Sartoria,DINNER,5.0
1166,2020-12-29,Sartoria,LUNCH,4.0
1167,2020-12-29,Skylon Restaurant,DINNER,14.0
1168,2020-12-30,100 Wardour Lounge Bar,LUNCH,2.0
1169,2020-12-30,100 Wardour St. Restaurant & Club,DINNER,12.0
1170,2020-12-30,100 Wardour St. Restaurant & Club,LUNCH,4.0
1171,2020-12-30,100 Wardour Street Bar & Lounge,DINNER,8.0
1172,2020-12-30,14 Hills,DINNER,27.0
1173,2020-12-30,14 Hills,LUNCH,12.0
1174,2020-12-30,20 Stories,LUNCH,56.0
1175,2020-12-30,Aster Cafe,LUNCH,4.0
1176,2020-12-30,Aster Restaurant,LUNCH,4.0
1177,2020-12-30,Avenue,DINNER,3.0
1178,2020-12-30,Bluebird Chelsea Café,LUNCH,2.0
1179,2020-12-30,Bluebird Chelsea Restaurant,DINNER,26.0
1180,2020-12-30,Bluebird Chelsea Restaurant,LUNCH,14.0
1181,2020-12-30,Butlers Wharf Chophouse Restaurant,DINNER,2.0
1182,2020-12-30,Butlers Wharf Chophouse Restaurant,LUNCH,6.0
1183,2020-12-30,Cantina del Ponte,DINNER,4.0
1184,2020-12-30,Coq d'Argent Grill,DINNER,9.0
1185,2020-12-30,Coq d'Argent Restaurant,DINNER,4.0
1186,2020-12-30,Crafthouse,DINNER,7.0
1187,2020-12-30,Crafthouse,LUNCH,3.0
1188,2020-12-30,Grand Café & Restaurant,DINNER,26.0
1189,2020-12-30,Grand Café & Restaurant,LUNCH,3.0
1190,2020-12-30,Klosterhaus,DINNER,6.0
1191,2020-12-30,Launceston Place,DINNER,8.0
1192,2020-12-30,Launceston Place,LUNCH,4.0
1193,2020-12-30,Madison Restaurant,DINNER,38.0
1194,2020-12-30,New Street Grill,LUNCH,2.0
1195,2020-12-30,Orrery,DINNER,14.0
1196,2020-12-30,Orrery,LUNCH,5.0
1197,2020-12-30,Paternoster Chophouse,DINNER,10.0
1198,2020-12-30,Plateau Restaurant,DINNER,2.0
1199,2020-12-30,Pont de la Tour Restaurant,DINNER,22.0
1200,2020-12-30,Pont de la Tour Restaurant,LUNCH,11.0
1201,2020-12-30,Quaglino's Bar,DINNER,4.0
1202,2020-12-30,Quaglino’s Restaurant,DINNER,64.0
1203,2020-12-30,Quaglino’s Restaurant,LUNCH,8.0
1204,2020-12-30,Sartoria,LUNCH,2.0
1205,2020-12-30,Skylon Restaurant,DINNER,8.0
1206,2020-12-30,Skylon Restaurant,LUNCH,16.0
1207,2020-12-31,100 Wardour St. Restaurant & Club,DINNER,15.0
1208,2020-12-31,100 Wardour St. Restaurant & Club,LEGACY,42.0
1209,2020-12-31,100 Wardour St. Restaurant & Club,LUNCH,7.0
1210,2020-12-31,100 Wardour Street Bar & Lounge,LEGACY,4.0
1211,2020-12-31,100 Wardour Street Bar & Lounge,LUNCH,6.0
1212,2020-12-31,14 Hills,DINNER,81.0
1213,2020-12-31,14 Hills,LUNCH,20.0
1214,2020-12-31,20 Stories,LUNCH,43.0
1215,2020-12-31,Angelica,DINNER,33.0
1216,2020-12-31,Angler Restaurant,DINNER,16.0
1217,2020-12-31,Aster Cafe,DINNER,8.0
1218,2020-12-31,Aster Restaurant,DINNER,5.0
1219,2020-12-31,Avenue,DINNER,8.0
1220,2020-12-31,Bluebird Chelsea Restaurant,DINNER,39.0
1221,2020-12-31,Bluebird Chelsea Restaurant,LUNCH,25.0
1222,2020-12-31,Blueprint Café,DINNER,8.0
1223,2020-12-31,Butlers Wharf Chophouse Restaurant,DINNER,40.0
1224,2020-12-31,Butlers Wharf Chophouse Restaurant,LUNCH,12.0
1225,2020-12-31,Cantina del Ponte,DINNER,4.0
1226,2020-12-31,Coq d'Argent Grill,LUNCH,22.0
1227,2020-12-31,Coq d'Argent Restaurant,DINNER,49.0
1228,2020-12-31,Crafthouse,DINNER,27.0
1229,2020-12-31,Crafthouse,LUNCH,2.0
1230,2020-12-31,East 59th,LUNCH,35.0
1231,2020-12-31,Fish Market,LUNCH,4.0
1232,2020-12-31,Fiume,DINNER,22.0
1233,2020-12-31,Fiume,LUNCH,5.0
1234,2020-12-31,Grand Café & Restaurant,DINNER,33.0
1235,2020-12-31,Grand Café & Restaurant,LUNCH,22.0
1236,2020-12-31,Issho Bar,DINNER,13.0
1237,2020-12-31,Issho Restaurant,DINNER,22.0
1238,2020-12-31,Issho Restaurant,LUNCH,6.0
1239,2020-12-31,Klosterhaus,DINNER,11.0
1240,2020-12-31,Klosterhaus,LUNCH,15.0
1241,2020-12-31,Launceston Place,DINNER,18.0
1242,2020-12-31,Madison Restaurant,DINNER,43.0
1243,2020-12-31,Madison Restaurant,LUNCH,98.0
1244,2020-12-31,New Street Grill,DINNER,2.0
1245,2020-12-31,Orrery,DINNER,48.0
1246,2020-12-31,Orrery,LUNCH,2.0
1247,2020-12-31,Paternoster Chophouse,DINNER,34.0
1248,2020-12-31,Plateau Restaurant,DINNER,30.0
1249,2020-12-31,Plateau Terrace,DINNER,9.0
1250,2020-12-31,Pont de la Tour Bar & Grill,DINNER,6.0
1251,2020-12-31,Pont de la Tour Restaurant,DINNER,87.0
1252,2020-12-31,Pont de la Tour Restaurant,LUNCH,6.0
1253,2020-12-31,Quaglino's Bar,DINNER,40.0
1254,2020-12-31,Quaglino's Bar,LUNCH,2.0
1255,2020-12-31,Quaglino’s Restaurant,DINNER,255.0
1256,2020-12-31,Quaglino’s Restaurant,LUNCH,119.0
1257,2020-12-31,Radici,DINNER,21.0
1258,2020-12-31,Sartoria,DINNER,9.0
1259,2020-12-31,Sartoria,LUNCH,14.0
1260,2020-12-31,Skylon Restaurant,DINNER,96.0
1261,2020-12-31,South Place Chop House,DINNER,4.0
1262,2020-12-31,South Place Chop House,LUNCH,5.0
1263,2020-12-31,The Modern Pantry,DINNER,5.0
1264,2020-12-31,The Modern Pantry,LUNCH,7.0
1265,2021-01-01,100 Wardour Street Bar & Lounge,LUNCH,4.0
1266,2021-01-01,14 Hills,LUNCH,18.0
1267,2021-01-01,Aster Cafe,LUNCH,3.0
1268,2021-01-01,Aster Restaurant,LUNCH,5.0
1269,2021-01-01,Bluebird Chelsea Café,LUNCH,6.0
1270,2021-01-01,Bluebird Chelsea Restaurant,DINNER,8.0
1271,2021-01-01,Bluebird Chelsea Restaurant,LUNCH,3.0
1272,2021-01-01,Butlers Wharf Chophouse Restaurant,DINNER,18.0
1273,2021-01-01,Cantina del Ponte,DINNER,5.0
1274,2021-01-01,Grand Café & Restaurant,DINNER,12.0
1275,2021-01-01,Madison Restaurant,DINNER,20.0
1276,2021-01-01,Quaglino’s Restaurant,LUNCH,20.0
1277,2021-01-01,Skylon Restaurant,LUNCH,4.0
1278,2021-01-01,South Place Chop House,DINNER,5.0
1279,2021-01-01,The Modern Pantry,LUNCH,2.0
1280,2021-01-02,100 Wardour St. Restaurant & Club,DINNER,8.0
1281,2021-01-02,100 Wardour St. Restaurant & Club,LUNCH,8.0
1282,2021-01-02,14 Hills,DINNER,6.0
1283,2021-01-02,14 Hills,LUNCH,17.0
1284,2021-01-02,20 Stories,LUNCH,39.0
1285,2021-01-02,Avenue,LUNCH,8.0
1286,2021-01-02,Bluebird Chelsea Café,LUNCH,9.0
1287,2021-01-02,Bluebird Chelsea Restaurant,DINNER,21.0
1288,2021-01-02,Bluebird Chelsea Restaurant,LUNCH,17.0
1289,2021-01-02,Butlers Wharf Chophouse Restaurant,DINNER,2.0
1290,2021-01-02,Coq d'Argent Grill,LUNCH,11.0
1291,2021-01-02,Crafthouse,DINNER,2.0
1292,2021-01-02,Grand Café & Restaurant,DINNER,7.0
1293,2021-01-02,Grand Café & Restaurant,LUNCH,7.0
1294,2021-01-02,Issho Restaurant,DINNER,2.0
1295,2021-01-02,Klosterhaus,DINNER,11.0
1296,2021-01-02,Klosterhaus,LUNCH,6.0
1297,2021-01-02,Launceston Place,DINNER,6.0
1298,2021-01-02,Madison Restaurant,LUNCH,18.0
1299,2021-01-02,Old Bengal Bar,LUNCH,2.0
1300,2021-01-02,Orrery,DINNER,4.0
1301,2021-01-02,Orrery,LUNCH,6.0
1302,2021-01-02,Paternoster Chophouse,DINNER,20.0
1303,2021-01-02,Plateau Restaurant,LUNCH,7.0
1304,2021-01-02,Plateau Terrace,DINNER,2.0
1305,2021-01-02,Pont de la Tour Restaurant,DINNER,13.0
1306,2021-01-02,Pont de la Tour Restaurant,LUNCH,22.0
1307,2021-01-02,Quaglino's Bar,DINNER,2.0
1308,2021-01-02,Quaglino’s Restaurant,DINNER,36.0
1309,2021-01-02,Quaglino’s Restaurant,LUNCH,13.0
1310,2021-01-02,Radici,LUNCH,6.0
1311,2021-01-02,Sartoria,DINNER,4.0
1312,2021-01-02,Skylon Restaurant,DINNER,11.0
1313,2021-01-03,100 Wardour St. Restaurant & Club,LUNCH,10.0
1314,2021-01-03,14 Hills,DINNER,2.0
1315,2021-01-03,14 Hills,LUNCH,17.0
1316,2021-01-03,20 Stories,LUNCH,29.0
1317,2021-01-03,Avenue,LUNCH,5.0
1318,2021-01-03,Bluebird Chelsea Restaurant,LUNCH,3.0
1319,2021-01-03,Butlers Wharf Chophouse Restaurant,LUNCH,2.0
1320,2021-01-03,Coq d'Argent Restaurant,LUNCH,10.0
1321,2021-01-03,Grand Café & Restaurant,DINNER,2.0
1322,2021-01-03,Grand Café & Restaurant,LUNCH,9.0
1323,2021-01-03,Launceston Place,DINNER,2.0
1324,2021-01-03,Madison Restaurant,LUNCH,4.0
1325,2021-01-03,Orrery,LUNCH,4.0
1326,2021-01-03,Paternoster Chophouse,LUNCH,8.0
1327,2021-01-03,Quaglino’s Restaurant,LUNCH,13.0
1328,2021-01-03,Skylon Restaurant,LUNCH,9.0
1329,2021-01-03,The Secret Garden,LUNCH,4.0
1330,2021-01-04,14 Hills,DINNER,8.0
1331,2021-01-04,14 Hills,LUNCH,2.0
1332,2021-01-04,20 Stories,LUNCH,15.0
1333,2021-01-04,Angelica,LUNCH,2.0
1334,2021-01-04,Crafthouse,DINNER,2.0
1335,2021-01-04,Madison Restaurant,DINNER,2.0
1336,2021-01-04,Orrery,DINNER,6.0
1337,2021-01-04,Quaglino’s Restaurant,DINNER,4.0
1338,2021-01-05,20 Stories,LUNCH,4.0
1339,2021-01-05,Bluebird Chelsea Café,DINNER,2.0
1340,2021-01-05,Fiume,DINNER,4.0
1341,2021-01-05,Orrery,LUNCH,5.0
1342,2021-01-05,Pont de la Tour Restaurant,DINNER,8.0
1343,2021-01-05,Quaglino’s Restaurant,DINNER,12.0
1344,2021-01-05,Sartoria,DINNER,2.0
1345,2021-01-06,20 Stories,LUNCH,8.0
1346,2021-01-06,Angler Restaurant,DINNER,6.0
1347,2021-01-06,Coq d'Argent Restaurant,LUNCH,2.0
1348,2021-01-06,Fish Market,LUNCH,3.0
1349,2021-01-06,Madison Restaurant,DINNER,2.0
1350,2021-01-06,Paternoster Chophouse,DINNER,2.0
1351,2021-01-06,Sartoria,DINNER,3.0
1352,2021-01-06,Skylon Restaurant,LUNCH,5.0
1353,2021-01-07,100 Wardour Lounge Bar,LUNCH,2.0
1354,2021-01-07,14 Hills,DINNER,8.0
1355,2021-01-07,20 Stories,LUNCH,6.0
1356,2021-01-07,Angelica,DINNER,2.0
1357,2021-01-07,Coq d'Argent Grill,LUNCH,6.0
1358,2021-01-07,Coq d'Argent Restaurant,DINNER,2.0
1359,2021-01-07,Crafthouse,DINNER,2.0
1360,2021-01-07,Grand Café & Restaurant,LUNCH,2.0
1361,2021-01-07,Orrery,DINNER,2.0
1362,2021-01-07,Paternoster Chophouse,DINNER,2.0
1363,2021-01-07,Quaglino’s Restaurant,DINNER,4.0
1364,2021-01-08,14 Hills,DINNER,7.0
1365,2021-01-08,20 Stories,LUNCH,16.0
1366,2021-01-08,Angelica,LUNCH,4.0
1367,2021-01-08,Angler Restaurant,DINNER,2.0
1368,2021-01-08,Butlers Wharf Chophouse Restaurant,LUNCH,2.0
1369,2021-01-08,Coq d'Argent Grill,LUNCH,5.0
1370,2021-01-08,Fish Market,DINNER,2.0
1371,2021-01-08,Grand Café & Restaurant,DINNER,4.0
1372,2021-01-08,Issho Restaurant,DINNER,6.0
1373,2021-01-08,Klosterhaus,DINNER,6.0
1374,2021-01-08,Madison Restaurant,DINNER,15.0
1375,2021-01-08,Paternoster Chophouse,DINNER,2.0
1376,2021-01-08,Plateau Restaurant,DINNER,2.0
1377,2021-01-08,Pont de la Tour Restaurant,DINNER,4.0
1378,2021-01-08,Pont de la Tour Restaurant,LUNCH,10.0
1379,2021-01-08,Quaglino's Bar,DINNER,4.0
1380,2021-01-08,Quaglino’s Restaurant,DINNER,6.0
1381,2021-01-08,Skylon Restaurant,LUNCH,6.0
1382,2021-01-09,100 Wardour Lounge Bar,LUNCH,5.0
1383,2021-01-09,100 Wardour St. Restaurant & Club,DINNER,4.0
1384,2021-01-09,100 Wardour St. Restaurant & Club,LUNCH,18.0
1385,2021-01-09,14 Hills,DINNER,26.0
1386,2021-01-09,14 Hills,LUNCH,12.0
1387,2021-01-09,20 Stories,LUNCH,51.0
1388,2021-01-09,Angler Restaurant,DINNER,9.0
1389,2021-01-09,Avenue,LUNCH,2.0
1390,2021-01-09,Bluebird Chelsea Restaurant,DINNER,2.0
1391,2021-01-09,Butlers Wharf Chophouse Restaurant,DINNER,2.0
1392,2021-01-09,Cantina del Ponte,LUNCH,2.0
1393,2021-01-09,Crafthouse,DINNER,2.0
1394,2021-01-09,Crafthouse,LUNCH,3.0
1395,2021-01-09,East 59th,DINNER,17.0
1396,2021-01-09,Grand Café & Restaurant,LUNCH,4.0
1397,2021-01-09,Issho Restaurant,DINNER,4.0
1398,2021-01-09,Klosterhaus,DINNER,14.0
1399,2021-01-09,Klosterhaus,LUNCH,2.0
1400,2021-01-09,Launceston Place,DINNER,2.0
1401,2021-01-09,Madison Restaurant,LUNCH,47.0
1402,2021-01-09,New Street Grill,LUNCH,6.0
1403,2021-01-09,Orrery,DINNER,2.0
1404,2021-01-09,Paternoster Chophouse,DINNER,18.0
1405,2021-01-09,Plateau Restaurant,DINNER,2.0
1406,2021-01-09,Plateau Terrace,LUNCH,6.0
1407,2021-01-09,Pont de la Tour Restaurant,DINNER,2.0
1408,2021-01-09,Pont de la Tour Restaurant,LUNCH,5.0
1409,2021-01-09,Quaglino's Bar,DINNER,2.0
1410,2021-01-09,Quaglino's Bar,LUNCH,5.0
1411,2021-01-09,Quaglino’s Restaurant,DINNER,30.0
1412,2021-01-09,Quaglino’s Restaurant,LUNCH,19.0
1413,2021-01-10,100 Wardour St. Restaurant & Club,LUNCH,8.0
1414,2021-01-10,14 Hills,LUNCH,3.0
1415,2021-01-10,20 Stories,LUNCH,2.0
1416,2021-01-10,Crafthouse,LUNCH,2.0
1417,2021-01-10,East 59th,LUNCH,4.0
1418,2021-01-10,Grand Café & Restaurant,LUNCH,4.0
1419,2021-01-10,Klosterhaus,LUNCH,4.0
1420,2021-01-10,Launceston Place,LUNCH,3.0
1421,2021-01-10,Madison Restaurant,LUNCH,6.0
1422,2021-01-10,Orrery,LUNCH,4.0
1423,2021-01-10,Paternoster Chophouse,LUNCH,4.0
1424,2021-01-10,Quaglino’s Restaurant,LUNCH,12.0
1425,2021-01-10,The Modern Pantry,LUNCH,2.0
1426,2021-01-11,14 Hills,DINNER,2.0
1427,2021-01-11,Coq d'Argent Grill,LUNCH,4.0
1428,2021-01-11,Klosterhaus,DINNER,2.0
1429,2021-01-11,Orrery,LUNCH,2.0
1430,2021-01-11,Quaglino's PDR,DINNER,14.0
1431,2021-01-11,Sartoria,LUNCH,1.0
1432,2021-01-11,Skylon Restaurant,DINNER,1.0
1433,2021-01-12,20 Stories,LUNCH,4.0
1434,2021-01-12,Aster Restaurant,DINNER,6.0
1435,2021-01-12,Coq d'Argent Restaurant,LUNCH,2.0
1436,2021-01-12,Orrery,DINNER,6.0
1437,2021-01-12,Quaglino’s Restaurant,DINNER,2.0
1438,2021-01-13,Angler Restaurant,DINNER,2.0
1439,2021-01-13,Bluebird Chelsea Restaurant,DINNER,1.0
1440,2021-01-13,Grand Café & Restaurant,LUNCH,5.0
1441,2021-01-13,Madison Restaurant,DINNER,4.0
1442,2021-01-13,Orrery,LUNCH,4.0
1443,2021-01-13,Paternoster Chophouse,DINNER,2.0
1444,2021-01-13,Quaglino's Bar,DINNER,2.0
1445,2021-01-13,South Place Chop House,LUNCH,2.0
1446,2021-01-14,100 Wardour St. Restaurant & Club,DINNER,4.0
1447,2021-01-14,14 Hills,DINNER,12.0
1448,2021-01-14,20 Stories,LUNCH,4.0
1449,2021-01-14,Avenue,LUNCH,2.0
1450,2021-01-14,Coq d'Argent Grill,DINNER,6.0
1451,2021-01-14,East 59th,LUNCH,2.0
1452,2021-01-14,Grand Café & Restaurant,LUNCH,6.0
1453,2021-01-14,Orrery,LUNCH,9.0
1454,2021-01-14,Paternoster Chophouse,LUNCH,2.0
1455,2021-01-14,Quaglino’s Restaurant,DINNER,34.0
1456,2021-01-14,South Place Chop House,LUNCH,5.0
1457,2021-01-15,100 Wardour Lounge Bar,LUNCH,4.0
1458,2021-01-15,20 Stories,LUNCH,24.0
1459,2021-01-15,Angelica,LUNCH,4.0
1460,2021-01-15,Bluebird Chelsea Restaurant,DINNER,2.0
1461,2021-01-15,Bluebird Chelsea Restaurant,LUNCH,2.0
1462,2021-01-15,Butlers Wharf Chophouse Restaurant,LUNCH,2.0
1463,2021-01-15,Cantina del Ponte,DINNER,2.0
1464,2021-01-15,Coq d'Argent Grill,LUNCH,5.0
1465,2021-01-15,Grand Café & Restaurant,DINNER,2.0
1466,2021-01-15,Grand Café & Restaurant,LUNCH,2.0
1467,2021-01-15,Issho Restaurant,DINNER,6.0
1468,2021-01-15,Klosterhaus,DINNER,4.0
1469,2021-01-15,Madison Restaurant,DINNER,8.0
1470,2021-01-15,New Street Grill,DINNER,2.0
1471,2021-01-15,Orrery,DINNER,2.0
1472,2021-01-15,Paternoster Chophouse,DINNER,4.0
1473,2021-01-15,Quaglino’s Restaurant,DINNER,17.0
1474,2021-01-15,Skylon Restaurant,DINNER,2.0
1475,2021-01-15,Skylon Restaurant,LUNCH,6.0
1476,2021-01-16,100 Wardour Street Bar & Lounge,DINNER,8.0
1477,2021-01-16,14 Hills,DINNER,6.0
1478,2021-01-16,20 Stories,LUNCH,36.0
1479,2021-01-16,Angler Restaurant,DINNER,8.0
1480,2021-01-16,Aster Cafe,LUNCH,2.0
1481,2021-01-16,Bluebird Chelsea PDR,LUNCH,100.0
1482,2021-01-16,Bluebird Chelsea Restaurant,DINNER,6.0
1483,2021-01-16,Butlers Wharf Chophouse Restaurant,DINNER,4.0
1484,2021-01-16,Coq d'Argent Grill,LUNCH,4.0
1485,2021-01-16,Crafthouse,LUNCH,8.0
1486,2021-01-16,Grand Café & Restaurant,DINNER,2.0
1487,2021-01-16,Grand Café & Restaurant,LUNCH,7.0
1488,2021-01-16,Issho Restaurant,DINNER,2.0
1489,2021-01-16,Klosterhaus,DINNER,7.0
1490,2021-01-16,Launceston Place,DINNER,2.0
1491,2021-01-16,Madison Restaurant,LUNCH,2.0
1492,2021-01-16,New Street Grill,DINNER,2.0
1493,2021-01-16,New Street Grill,LUNCH,5.0
1494,2021-01-16,Orrery,DINNER,6.0
1495,2021-01-16,Orrery,LUNCH,6.0
1496,2021-01-16,Paternoster Chophouse,DINNER,4.0
1497,2021-01-16,Paternoster Chophouse,LUNCH,4.0
1498,2021-01-16,Plateau Restaurant,DINNER,2.0
1499,2021-01-16,Pont de la Tour Restaurant,DINNER,4.0
1500,2021-01-16,Quaglino's PDR,DINNER,25.0
1501,2021-01-16,Quaglino’s Restaurant,DINNER,21.0
1502,2021-01-16,Quaglino’s Restaurant,LUNCH,11.0
1503,2021-01-16,Skylon Restaurant,DINNER,2.0
1504,2021-01-16,Skylon Restaurant,LUNCH,2.0
1505,2021-01-16,South Place Chop House,LUNCH,16.0
1506,2021-01-16,The Modern Pantry,DINNER,6.0
1507,2021-01-17,14 Hills,LUNCH,4.0
1508,2021-01-17,Bluebird Chelsea PDR,LUNCH,50.0
1509,2021-01-17,Bluebird Chelsea Restaurant,LUNCH,2.0
1510,2021-01-17,Butlers Wharf Chophouse Restaurant,LUNCH,4.0
1511,2021-01-17,Launceston Place,LUNCH,4.0
1512,2021-01-17,Madison Restaurant,LUNCH,8.0
1513,2021-01-17,Quaglino’s Restaurant,LUNCH,4.0
1514,2021-01-17,Skylon Restaurant,LUNCH,6.0
1515,2021-01-18,20 Stories,LUNCH,2.0
1516,2021-01-18,Angelica,LUNCH,2.0
1517,2021-01-18,Klosterhaus,DINNER,2.0
1518,2021-01-18,Madison Restaurant,DINNER,2.0
1519,2021-01-18,Paternoster Chophouse,DINNER,2.0
1520,2021-01-18,Quaglino’s Restaurant,DINNER,2.0
1521,2021-01-19,Aster Cafe,LUNCH,2.0
1522,2021-01-19,Orrery,DINNER,6.0
1523,2021-01-19,Paternoster Chophouse,DINNER,2.0
1524,2021-01-19,Paternoster Chophouse,LUNCH,2.0
1525,2021-01-19,Skylon Restaurant,LUNCH,4.0
1526,2021-01-20,20 Stories,LUNCH,2.0
1527,2021-01-20,Bluebird Chelsea Restaurant,DINNER,15.0
1528,2021-01-20,Bluebird Chelsea Restaurant,LUNCH,4.0
1529,2021-01-20,Coq d'Argent Restaurant,LUNCH,10.0
1530,2021-01-20,Grand Café & Restaurant,LUNCH,3.0
1531,2021-01-20,Madison Restaurant,DINNER,4.0
1532,2021-01-20,Paternoster Chophouse,DINNER,2.0
1533,2021-01-20,Sartoria,LUNCH,2.0
1534,2021-01-21,100 Wardour St Club Bar,LUNCH,2.0
1535,2021-01-21,100 Wardour St. Restaurant & Club,DINNER,2.0
1536,2021-01-21,20 Stories,LUNCH,2.0
1537,2021-01-21,Angelica,DINNER,2.0
1538,2021-01-21,Bluebird Chelsea PDR,LUNCH,40.0
1539,2021-01-21,Orrery,LUNCH,2.0
1540,2021-01-21,Paternoster Chophouse,DINNER,4.0
1541,2021-01-21,Sartoria,DINNER,2.0
1542,2021-01-22,20 Stories,LUNCH,16.0
1543,2021-01-22,Bluebird Chelsea Restaurant,DINNER,6.0
1544,2021-01-22,Paternoster Chophouse,DINNER,4.0
1545,2021-01-22,Pont de la Tour Restaurant,LUNCH,6.0
1546,2021-01-22,Quaglino's Bar,DINNER,6.0
1547,2021-01-22,Quaglino’s Restaurant,DINNER,10.0
1548,2021-01-22,Sartoria,LUNCH,2.0
1549,2021-01-22,South Place Chop House,LUNCH,3.0
1550,2021-01-23,14 Hills,DINNER,6.0
1551,2021-01-23,20 Stories,LUNCH,10.0
1552,2021-01-23,Angelica,LUNCH,3.0
1553,2021-01-23,Angler Restaurant,DINNER,8.0
1554,2021-01-23,Avenue,LUNCH,4.0
1555,2021-01-23,Bluebird Chelsea Restaurant,LUNCH,6.0
1556,2021-01-23,Coq d'Argent Grill,DINNER,12.0
1557,2021-01-23,Coq d'Argent Restaurant,LUNCH,6.0
1558,2021-01-23,East 59th,DINNER,3.0
1559,2021-01-23,Grand Café & Restaurant,LUNCH,3.0
1560,2021-01-23,Madison Restaurant,LUNCH,11.0
1561,2021-01-23,New Street Grill,LUNCH,6.0
1562,2021-01-23,Orrery,LUNCH,2.0
1563,2021-01-23,Paternoster Chophouse,DINNER,12.0
1564,2021-01-23,Paternoster Chophouse,LUNCH,2.0
1565,2021-01-23,Plateau Restaurant,LUNCH,17.0
1566,2021-01-23,Quaglino's Bar,DINNER,2.0
1567,2021-01-23,Quaglino’s Restaurant,DINNER,6.0
1568,2021-01-24,14 Hills,DINNER,10.0
1569,2021-01-24,20 Stories,LUNCH,8.0
1570,2021-01-24,Fiume,LUNCH,4.0
1571,2021-01-24,Grand Café & Restaurant,LUNCH,6.0
1572,2021-01-24,Madison Restaurant,LUNCH,4.0
1573,2021-01-24,Quaglino’s Restaurant,LUNCH,20.0
1574,2021-01-25,14 Hills,DINNER,2.0
1575,2021-01-25,20 Stories,LUNCH,4.0
1576,2021-01-26,Bluebird Chelsea Restaurant,DINNER,2.0
1577,2021-01-26,Paternoster Chophouse,LUNCH,1.0
1578,2021-01-27,Aster Cafe,LUNCH,2.0
1579,2021-01-27,Madison Restaurant,DINNER,3.0
1580,2021-01-27,Paternoster Chophouse,DINNER,2.0
1581,2021-01-27,Paternoster Chophouse,LUNCH,2.0
1582,2021-01-28,100 Wardour St. Restaurant & Club,DINNER,4.0
1583,2021-01-28,14 Hills,DINNER,2.0
1584,2021-01-28,Angler Restaurant,DINNER,8.0
1585,2021-01-28,Angler Restaurant,LUNCH,6.0
1586,2021-01-28,Crafthouse,DINNER,2.0
1587,2021-01-28,Grand Café & Restaurant,DINNER,5.0
1588,2021-01-28,Madison Restaurant,DINNER,2.0
1589,2021-01-28,Quaglino’s Restaurant,DINNER,6.0
1590,2021-01-29,100 Wardour St. Restaurant & Club,DINNER,13.0
1591,2021-01-29,14 Hills,DINNER,4.0
1592,2021-01-29,14 Hills,LUNCH,4.0
1593,2021-01-29,20 Stories,LUNCH,10.0
1594,2021-01-29,Launceston Place,LUNCH,3.0
1595,2021-01-29,Madison Restaurant,DINNER,6.0
1596,2021-01-29,Orrery,DINNER,2.0
1597,2021-01-29,Paternoster Chophouse,DINNER,6.0
1598,2021-01-29,Plateau Restaurant,DINNER,2.0
1599,2021-01-29,Quaglino’s Restaurant,DINNER,4.0
1600,2021-01-29,Skylon Restaurant,LUNCH,2.0
1601,2021-01-30,100 Wardour St. Restaurant & Club,DINNER,6.0
1602,2021-01-30,100 Wardour St. Restaurant & Club,LUNCH,6.0
1603,2021-01-30,14 Hills,DINNER,10.0
1604,2021-01-30,14 Hills,LUNCH,4.0
1605,2021-01-30,20 Stories,LUNCH,24.0
1606,2021-01-30,Angelica,LUNCH,4.0
1607,2021-01-30,Angler Restaurant,DINNER,2.0
1608,2021-01-30,Avenue,LUNCH,4.0
1609,2021-01-30,Bluebird Chelsea Restaurant,DINNER,8.0
1610,2021-01-30,Crafthouse,DINNER,4.0
1611,2021-01-30,Grand Café & Restaurant,LUNCH,2.0
1612,2021-01-30,Issho Restaurant,DINNER,2.0
1613,2021-01-30,Klosterhaus,DINNER,9.0
1614,2021-01-30,Klosterhaus,LUNCH,2.0
1615,2021-01-30,Madison Restaurant,LUNCH,8.0
1616,2021-01-30,New Street Grill,LUNCH,12.0
1617,2021-01-30,Orrery,DINNER,4.0
1618,2021-01-30,Paternoster Chophouse,DINNER,16.0
1619,2021-01-30,Paternoster Chophouse,LUNCH,2.0
1620,2021-01-30,Pont de la Tour Restaurant,LUNCH,10.0
1621,2021-01-30,Quaglino's Bar,DINNER,4.0
1622,2021-01-30,Quaglino's Bar,LUNCH,13.0
1623,2021-01-30,Quaglino’s Restaurant,DINNER,31.0
1624,2021-01-30,Quaglino’s Restaurant,LUNCH,6.0
1625,2021-01-30,Sartoria,DINNER,2.0
1626,2021-01-30,Skylon Restaurant,LUNCH,9.0
1627,2021-01-31,100 Wardour St. Restaurant & Club,LUNCH,4.0
1628,2021-01-31,14 Hills,LUNCH,2.0
1629,2021-01-31,20 Stories,LUNCH,4.0
1630,2021-01-31,Madison Restaurant,LUNCH,8.0
1631,2021-01-31,Plateau Terrace,LUNCH,4.0
1632,2021-01-31,Quaglino’s Restaurant,LUNCH,17.0
1633,2021-01-31,Skylon Restaurant,LUNCH,5.0
1634,2021-02-01,20 Stories,LUNCH,2.0
1635,2021-02-01,Issho Restaurant,LUNCH,3.0
1636,2021-02-01,Paternoster Chophouse,DINNER,2.0
1637,2021-02-01,Paternoster Chophouse,LUNCH,2.0
1638,2021-02-02,20 Stories,LUNCH,4.0
1639,2021-02-02,Quaglino’s Restaurant,DINNER,4.0
1640,2021-02-03,Klosterhaus,DINNER,6.0
1641,2021-02-03,Paternoster Chophouse,DINNER,2.0
1642,2021-02-03,Quaglino’s Restaurant,DINNER,4.0
1643,2021-02-04,20 Stories,LUNCH,2.0
1644,2021-02-04,Aster Restaurant,DINNER,6.0
1645,2021-02-04,Blueprint Café,DINNER,100.0
1646,2021-02-04,Klosterhaus,DINNER,2.0
1647,2021-02-04,Orrery,DINNER,2.0
1648,2021-02-04,Quaglino’s Restaurant,DINNER,3.0
1649,2021-02-05,20 Stories,LUNCH,10.0
1650,2021-02-05,East 59th,DINNER,5.0
1651,2021-02-05,Madison Restaurant,DINNER,3.0
1652,2021-02-05,Paternoster Chophouse,DINNER,4.0
1653,2021-02-05,Quaglino’s Restaurant,DINNER,2.0
1654,2021-02-05,Skylon Restaurant,LUNCH,2.0
1655,2021-02-05,The Modern Pantry,LUNCH,2.0
1656,2021-02-06,100 Wardour St. Restaurant & Club,LUNCH,6.0
1657,2021-02-06,100 Wardour Street Bar & Lounge,LUNCH,17.0
1658,2021-02-06,14 Hills,DINNER,2.0
1659,2021-02-06,14 Hills,LUNCH,16.0
1660,2021-02-06,20 Stories,LUNCH,6.0
1661,2021-02-06,Angler Restaurant,DINNER,2.0
1662,2021-02-06,Crafthouse,DINNER,20.0
1663,2021-02-06,Launceston Place,DINNER,2.0
1664,2021-02-06,Madison Restaurant,LUNCH,6.0
1665,2021-02-06,Paternoster Chophouse,DINNER,8.0
1666,2021-02-06,Paternoster Chophouse,LUNCH,2.0
1667,2021-02-06,Quaglino's PDR,DINNER,25.0
1668,2021-02-06,Quaglino’s Restaurant,DINNER,11.0
1669,2021-02-06,Sartoria,DINNER,3.0
1670,2021-02-06,Skylon Restaurant,LUNCH,2.0
1671,2021-02-06,South Place Chop House,LUNCH,3.0
1672,2021-02-07,20 Stories,LUNCH,10.0
1673,2021-02-07,Bluebird Chelsea Restaurant,LUNCH,2.0
1674,2021-02-07,Crafthouse,LUNCH,15.0
1675,2021-02-07,Paternoster Chophouse,LUNCH,6.0
1676,2021-02-07,Quaglino’s Restaurant,LUNCH,10.0
1677,2021-02-07,South Place Chop House,LUNCH,3.0
1678,2021-02-08,Angelica,LUNCH,2.0
1679,2021-02-10,20 Stories,LUNCH,5.0
1680,2021-02-10,Angelica,DINNER,2.0
1681,2021-02-11,100 Wardour St. Restaurant & Club,DINNER,2.0
1682,2021-02-11,20 Stories,LUNCH,40.0
1683,2021-02-11,Skylon Restaurant,DINNER,4.0
1684,2021-02-12,100 Wardour Street Bar & Lounge,DINNER,2.0
1685,2021-02-12,20 Stories,LUNCH,18.0
1686,2021-02-12,Bluebird Chelsea PDR,LUNCH,40.0
1687,2021-02-12,Crafthouse,DINNER,2.0
1688,2021-02-12,Grand Café & Restaurant,DINNER,6.0
1689,2021-02-12,Madison Restaurant,DINNER,4.0
1690,2021-02-12,Orrery,LUNCH,4.0
1691,2021-02-12,Paternoster Chophouse,DINNER,4.0
1692,2021-02-12,Quaglino’s Restaurant,DINNER,2.0
1693,2021-02-12,Skylon Restaurant,LUNCH,2.0
1694,2021-02-13,100 Wardour St. Restaurant & Club,DINNER,8.0
1695,2021-02-13,14 Hills,DINNER,8.0
1696,2021-02-13,20 Stories,LUNCH,36.0
1697,2021-02-13,Angler Restaurant,DINNER,4.0
1698,2021-02-13,Aster Cafe,LUNCH,2.0
1699,2021-02-13,Bluebird Chelsea Restaurant,LUNCH,6.0
1700,2021-02-13,Butlers Wharf Chophouse Restaurant,DINNER,2.0
1701,2021-02-13,Crafthouse,DINNER,2.0
1702,2021-02-13,Crafthouse,LUNCH,6.0
1703,2021-02-13,Madison Restaurant,LUNCH,12.0
1704,2021-02-13,Paternoster Chophouse,DINNER,38.0
1705,2021-02-13,Paternoster Chophouse,LUNCH,6.0
1706,2021-02-13,Pont de la Tour Restaurant,DINNER,4.0
1707,2021-02-13,Quaglino's Bar,DINNER,2.0
1708,2021-02-13,Quaglino's Bar,LUNCH,2.0
1709,2021-02-13,Quaglino's PDR,DINNER,15.0
1710,2021-02-13,Quaglino's PDR,LUNCH,30.0
1711,2021-02-13,Quaglino’s Restaurant,DINNER,16.0
1712,2021-02-13,South Place Chop House,LUNCH,2.0
1713,2021-02-14,14 Hills,DINNER,6.0
1714,2021-02-14,14 Hills,LUNCH,8.0
1715,2021-02-14,Bluebird Chelsea Restaurant,LUNCH,2.0
1716,2021-02-14,Coq d'Argent Restaurant,LUNCH,2.0
1717,2021-02-14,Klosterhaus,LUNCH,6.0
1718,2021-02-14,Launceston Place,DINNER,2.0
1719,2021-02-14,Madison Restaurant,LUNCH,2.0
1720,2021-02-14,Orrery,DINNER,2.0
1721,2021-02-14,Paternoster Chophouse,LUNCH,48.0
1722,2021-02-14,Plateau Terrace,LUNCH,2.0
1723,2021-02-14,Quaglino's Bar,LUNCH,8.0
1724,2021-02-14,Quaglino’s Restaurant,LUNCH,12.0
1725,2021-02-14,Skylon Restaurant,DINNER,2.0
1726,2021-02-15,20 Stories,LUNCH,8.0
1727,2021-02-15,Klosterhaus,DINNER,2.0
1728,2021-02-15,Madison Restaurant,DINNER,8.0
1729,2021-02-15,Orrery,DINNER,2.0
1730,2021-02-15,Paternoster Chophouse,DINNER,2.0
1731,2021-02-16,20 Stories,LUNCH,4.0
1732,2021-02-16,Coq d'Argent Restaurant,LUNCH,5.0
1733,2021-02-16,Skylon Restaurant,LUNCH,2.0
1734,2021-02-17,20 Stories,LUNCH,4.0
1735,2021-02-18,20 Stories,LUNCH,2.0
1736,2021-02-18,Angelica,DINNER,2.0
1737,2021-02-18,Paternoster Chophouse,DINNER,6.0
1738,2021-02-18,Quaglino's PDR,DINNER,20.0
1739,2021-02-19,20 Stories,LUNCH,12.0
1740,2021-02-19,Angelica,LUNCH,2.0
1741,2021-02-19,Angler Restaurant,DINNER,2.0
1742,2021-02-19,Coq d'Argent Grill,DINNER,6.0
1743,2021-02-19,Paternoster Chophouse,DINNER,2.0
1744,2021-02-19,Quaglino’s Restaurant,DINNER,2.0
1745,2021-02-20,14 Hills,DINNER,22.0
1746,2021-02-20,20 Stories,LUNCH,14.0
1747,2021-02-20,Avenue,LUNCH,27.0
1748,2021-02-20,Bluebird Chelsea PDR,LUNCH,20.0
1749,2021-02-20,Bluebird Chelsea Restaurant,LUNCH,3.0
1750,2021-02-20,Coq d'Argent Grill,DINNER,6.0
1751,2021-02-20,Klosterhaus,DINNER,6.0
1752,2021-02-20,Madison Restaurant,LUNCH,33.0
1753,2021-02-20,Orrery,DINNER,5.0
1754,2021-02-20,Orrery,LUNCH,16.0
1755,2021-02-20,Paternoster Chophouse,DINNER,4.0
1756,2021-02-20,Quaglino's PDR,DINNER,50.0
1757,2021-02-20,Quaglino’s Restaurant,DINNER,2.0
1758,2021-02-22,New Street Grill,DINNER,2.0
1759,2021-02-22,Orrery,LUNCH,2.0
1760,2021-02-22,Quaglino’s Restaurant,DINNER,2.0
1761,2021-02-23,20 Stories,LUNCH,5.0
1762,2021-02-23,Quaglino's Bar,DINNER,2.0
1763,2021-02-24,14 Hills,LUNCH,4.0
1764,2021-02-24,Paternoster Chophouse,DINNER,2.0
1765,2021-02-24,Quaglino's PDR,DINNER,11.0
1766,2021-02-25,20 Stories,LUNCH,3.0
1767,2021-02-25,Bluebird Chelsea PDR,LUNCH,15.0
1768,2021-02-25,Paternoster Chophouse,DINNER,4.0
1769,2021-02-26,100 Wardour Lounge Bar,LUNCH,2.0
1770,2021-02-26,20 Stories,LUNCH,2.0
1771,2021-02-26,Bluebird Chelsea Restaurant,LUNCH,2.0
1772,2021-02-26,Paternoster Chophouse,DINNER,2.0
1773,2021-02-26,Skylon Restaurant,LUNCH,6.0
1774,2021-02-27,100 Wardour St. Restaurant & Club,DINNER,19.0
1775,2021-02-27,20 Stories,LUNCH,10.0
1776,2021-02-27,Avenue,LUNCH,2.0
1777,2021-02-27,Crafthouse,DINNER,2.0
1778,2021-02-27,Madison Restaurant,LUNCH,2.0
1779,2021-02-27,Orrery,DINNER,80.0
1780,2021-02-27,Paternoster Chophouse,DINNER,8.0
1781,2021-02-27,Paternoster Chophouse,LUNCH,2.0
1782,2021-02-27,Quaglino's Bar,DINNER,2.0
1783,2021-02-27,Quaglino's PDR,DINNER,17.0
1784,2021-02-27,Quaglino’s Restaurant,DINNER,4.0
1785,2021-02-27,Skylon Restaurant,LUNCH,4.0
1786,2021-03-03,20 Stories,LUNCH,5.0
1787,2021-03-04,20 Stories,LUNCH,2.0
1788,2021-03-04,Angelica,DINNER,2.0
1789,2021-03-04,Avenue,DINNER,6.0
1790,2021-03-04,Madison Restaurant,DINNER,2.0
1791,2021-03-04,Orrery,DINNER,2.0
1792,2021-03-04,Sartoria,LUNCH,2.0
1793,2021-03-05,Paternoster Chophouse,DINNER,4.0
1794,2021-03-05,Quaglino’s Restaurant,DINNER,4.0
1795,2021-03-05,Sartoria,DINNER,6.0
1796,2021-03-06,100 Wardour Street Bar & Lounge,LUNCH,21.0
1797,2021-03-06,Angler Restaurant,DINNER,7.0
1798,2021-03-06,Bluebird Chelsea Restaurant,DINNER,6.0
1799,2021-03-06,Bluebird Chelsea Restaurant,LUNCH,2.0
1800,2021-03-06,Launceston Place,DINNER,7.0
1801,2021-03-06,New Street Grill,LUNCH,6.0
1802,2021-03-06,Paternoster Chophouse,DINNER,10.0
1803,2021-03-06,Paternoster Chophouse,LUNCH,4.0
1804,2021-03-06,Quaglino's PDR,DINNER,24.0
1805,2021-03-06,Quaglino's PDR,LUNCH,20.0
1806,2021-03-06,Quaglino’s Restaurant,DINNER,20.0
1807,2021-03-06,Skylon Restaurant,LUNCH,4.0
1808,2021-03-06,South Place Chop House,LUNCH,2.0
1809,2021-03-07,20 Stories,LUNCH,2.0
1810,2021-03-10,Bluebird Chelsea PDR,LUNCH,100.0
1811,2021-03-10,Paternoster Chophouse,DINNER,2.0
1812,2021-03-11,Bluebird Chelsea PDR,LUNCH,80.0
1813,2021-03-11,Skylon Restaurant,DINNER,4.0
1814,2021-03-12,20 Stories,LUNCH,6.0
1815,2021-03-12,Issho Restaurant,LUNCH,4.0
1816,2021-03-12,Paternoster Chophouse,DINNER,4.0
1817,2021-03-12,Skylon Restaurant,LUNCH,2.0
1818,2021-03-13,14 Hills,LUNCH,6.0
1819,2021-03-13,Quaglino’s Restaurant,DINNER,3.0
1820,2021-03-15,Madison Restaurant,DINNER,4.0
1821,2021-03-16,100 Wardour St. Restaurant & Club,DINNER,2.0
1822,2021-03-16,Skylon Restaurant,LUNCH,2.0
1823,2021-03-16,South Place Chop House,LUNCH,2.0
1824,2021-03-17,Quaglino's PDR,LUNCH,20.0
1825,2021-03-17,Sartoria,DINNER,20.0
1826,2021-03-18,20 Stories,LUNCH,30.0
1827,2021-03-18,Sartoria,LUNCH,30.0
1828,2021-03-19,20 Stories,LUNCH,2.0
1829,2021-03-19,Skylon Restaurant,LUNCH,4.0
1830,2021-03-20,100 Wardour St. Restaurant & Club,LUNCH,17.0
1831,2021-03-20,14 Hills,LUNCH,3.0
1832,2021-03-20,20 Stories,LUNCH,4.0
1833,2021-03-20,Orrery,LUNCH,11.0
1834,2021-03-20,Paternoster Chophouse,DINNER,7.0
1835,2021-03-20,Quaglino's PDR,DINNER,18.0
1836,2021-03-21,Madison Restaurant,LUNCH,2.0
1837,2021-03-23,Butlers Wharf Chophouse Restaurant,DINNER,120.0
1838,2021-03-23,Pont de la Tour Restaurant,DINNER,18.0
1839,2021-03-24,20 Stories,LUNCH,2.0
1840,2021-03-24,Aster Restaurant,DINNER,35.0
1841,2021-03-25,Paternoster Chophouse,DINNER,2.0
1842,2021-03-25,Quaglino’s Restaurant,DINNER,2.0
1843,2021-03-26,Angler Restaurant,DINNER,13.0
1844,2021-03-26,East 59th,DINNER,12.0
1845,2021-03-26,Madison Restaurant,DINNER,2.0
1846,2021-03-26,Skylon Restaurant,LUNCH,4.0
1847,2021-03-27,100 Wardour St. Restaurant & Club,LUNCH,16.0
1848,2021-03-27,14 Hills,LUNCH,2.0
1849,2021-03-27,Angler Restaurant,DINNER,2.0
1850,2021-03-27,Bluebird Chelsea PDR,LUNCH,25.0
1851,2021-03-27,Bluebird Chelsea Restaurant,DINNER,4.0
1852,2021-03-27,East 59th,DINNER,4.0
1853,2021-03-27,Klosterhaus,DINNER,2.0
1854,2021-03-27,Madison Restaurant,LUNCH,2.0
1855,2021-03-27,Quaglino's Bar,LUNCH,10.0
1856,2021-03-27,Quaglino's PDR,LUNCH,31.0
1857,2021-03-27,Quaglino’s Restaurant,DINNER,6.0
1858,2021-03-27,Quaglino’s Restaurant,LUNCH,10.0
1859,2021-03-27,Skylon Restaurant,DINNER,2.0
1860,2021-03-28,Madison Restaurant,LUNCH,2.0
1861,2021-03-28,Quaglino’s Restaurant,LUNCH,6.0
1862,2021-03-28,Skylon Restaurant,LUNCH,8.0
1863,2021-03-29,Paternoster Chophouse,DINNER,2.0
1864,2021-03-30,20 Stories,LUNCH,16.0
1865,2021-03-30,Paternoster Chophouse,DINNER,2.0
1866,2021-03-30,Quaglino’s Restaurant,DINNER,14.0
1867,2021-03-31,20 Stories,LUNCH,2.0
1868,2021-03-31,East 59th,LUNCH,2.0
1869,2021-04-01,20 Stories,LUNCH,4.0
1870,2021-04-02,20 Stories,LUNCH,4.0
1871,2021-04-02,Paternoster Chophouse,DINNER,2.0
1872,2021-04-03,20 Stories,LUNCH,14.0
1873,2021-04-03,Bluebird Chelsea PDR,LUNCH,30.0
1874,2021-04-03,Bluebird Chelsea Restaurant,LUNCH,3.0
1875,2021-04-03,Paternoster Chophouse,DINNER,4.0
1876,2021-04-03,Paternoster Chophouse,LUNCH,3.0
1877,2021-04-03,Quaglino's PDR,LUNCH,14.0
1878,2021-04-03,Quaglino’s Restaurant,DINNER,6.0
1879,2021-04-04,Angelica,LUNCH,6.0
1880,2021-04-05,20 Stories,LUNCH,2.0
1881,2021-04-05,Quaglino's Bar,LUNCH,2.0
1882,2021-04-08,Skylon Restaurant,DINNER,2.0
1883,2021-04-09,Launceston Place,DINNER,3.0
1884,2021-04-09,Paternoster Chophouse,DINNER,2.0
1885,2021-04-09,Sartoria,DINNER,14.0
1886,2021-04-10,Bluebird Chelsea PDR,LUNCH,2.0
1887,2021-04-10,East 59th,DINNER,10.0
1888,2021-04-10,Madison Restaurant,LUNCH,19.0
1889,2021-04-10,Paternoster Chophouse,DINNER,2.0
1890,2021-04-10,Quaglino’s Restaurant,LUNCH,20.0
1891,2021-04-10,Skylon Restaurant,LUNCH,0.0
1892,2021-04-11,20 Stories,LUNCH,12.0
1893,2021-04-11,Quaglino’s Restaurant,LUNCH,4.0
1894,2021-04-12,Bluebird Chelsea PDR,LUNCH,15.0
1895,2021-04-12,Pont de la Tour Restaurant,DINNER,15.0
1896,2021-04-13,Pont de la Tour Restaurant,DINNER,2.0
1897,2021-04-15,Aster Restaurant,DINNER,14.0
1898,2021-04-15,Paternoster Chophouse,DINNER,2.0
1899,2021-04-16,Quaglino's PDR,DINNER,25.0
1900,2021-04-17,100 Wardour St. Restaurant & Club,DINNER,15.0
1901,2021-04-17,20 Stories,LUNCH,24.0
1902,2021-04-17,Old Bengal Bar,LUNCH,110.0
1903,2021-04-17,Quaglino's PDR,DINNER,24.0
1904,2021-04-17,Quaglino’s Restaurant,DINNER,2.0
1905,2021-04-17,Quaglino’s Restaurant,LUNCH,29.0
1906,2021-04-17,Skylon Restaurant,DINNER,0.0
1907,2021-04-17,South Place Chop House,DINNER,2.0
1908,2021-04-18,Paternoster Chophouse,LUNCH,7.0
1909,2021-04-19,Sartoria,DINNER,2.0
1910,2021-04-22,20 Stories,LUNCH,26.0
1911,2021-04-22,German Gymnasium Restaurant,DINNER,20.0
1912,2021-04-22,Quaglino's PDR,DINNER,25.0
1913,2021-04-23,Paternoster Chophouse,DINNER,4.0
1914,2021-04-24,20 Stories,LUNCH,2.0
1915,2021-04-24,Angler Restaurant,DINNER,6.0
1916,2021-04-24,Bluebird Chelsea PDR,LUNCH,40.0
1917,2021-04-24,Crafthouse,DINNER,2.0
1918,2021-04-24,Paternoster Chophouse,DINNER,4.0
1919,2021-04-24,Quaglino's PDR,DINNER,25.0
1920,2021-04-24,Quaglino’s Restaurant,DINNER,17.0
1921,2021-04-25,Avenue,LUNCH,19.0
1922,2021-04-27,Quaglino's PDR,DINNER,12.0
1923,2021-04-28,Paternoster Chophouse,DINNER,3.0
1924,2021-04-28,Quaglino's PDR,DINNER,12.0
1925,2021-04-29,Skylon Restaurant,DINNER,4.0
1926,2021-04-29,Skylon Restaurant,LUNCH,2.0
1927,2021-04-30,Issho Bar,LUNCH,30.0
1928,2021-04-30,Issho Restaurant,LUNCH,30.0
1929,2021-05-01,100 Wardour St. Restaurant & Club,LUNCH,20.0
1930,2021-05-01,14 Hills,LUNCH,3.0
1931,2021-05-01,20 Stories,LUNCH,4.0
1932,2021-05-01,Quaglino's PDR,DINNER,28.0
1933,2021-05-01,Quaglino's PDR,LUNCH,30.0
1934,2021-05-01,Sartoria,DINNER,30.0
1935,2021-05-01,The Modern Pantry,DINNER,15.0
1936,2021-05-02,Bluebird Chelsea Restaurant,DINNER,11.0
1937,2021-05-06,Coq d'Argent Restaurant,DINNER,12.0
1938,2021-05-06,Skylon Restaurant,DINNER,4.0
1939,2021-05-08,20 Stories,LUNCH,29.0
1940,2021-05-08,Coq d'Argent Grill,DINNER,4.0
1941,2021-05-08,Paternoster Chophouse,LUNCH,2.0
1942,2021-05-08,Quaglino's PDR,DINNER,44.0
1943,2021-05-08,Quaglino's PDR,LUNCH,25.0
1944,2021-05-09,20 Stories,LUNCH,60.0
1945,2021-05-12,Orrery,DINNER,14.0
1946,2021-05-13,Madison Restaurant,DINNER,2.0
1947,2021-05-14,Bluebird Chelsea PDR,LUNCH,34.0
1948,2021-05-14,Skylon Restaurant,LUNCH,2.0
1949,2021-05-15,20 Stories,LUNCH,66.0
1950,2021-05-15,Bluebird Chelsea PDR,LUNCH,15.0
1951,2021-05-15,Quaglino's PDR,DINNER,36.0
1952,2021-05-16,20 Stories,LUNCH,6.0
1953,2021-05-16,Blueprint Café,LUNCH,68.0
1954,2021-05-16,Paternoster Chophouse,LUNCH,2.0
1955,2021-05-17,Bluebird Chelsea PDR,LUNCH,26.0
1956,2021-05-18,Skylon Restaurant,DINNER,2.0
1957,2021-05-19,20 Stories,LUNCH,10.0
1958,2021-05-20,20 Stories,LUNCH,18.0
1959,2021-05-20,Coq d'Argent Grill,DINNER,102.0
1960,2021-05-20,Quaglino’s Restaurant,DINNER,12.0
1961,2021-05-21,Bluebird Chelsea Restaurant,DINNER,4.0
1962,2021-05-21,Bluebird Chelsea Restaurant,LUNCH,2.0
1963,2021-05-21,Paternoster Chophouse,DINNER,2.0
1964,2021-05-21,Quaglino’s Restaurant,DINNER,2.0
1965,2021-05-22,Blueprint Café,DINNER,50.0
1966,2021-05-22,Cantina del Ponte,DINNER,35.0
1967,2021-05-25,Sartoria,DINNER,10.0
1968,2021-05-27,14 Hills,DINNER,24.0
1969,2021-05-27,20 Stories,LUNCH,2.0
1970,2021-05-29,20 Stories,LUNCH,43.0
1971,2021-05-29,Bluebird Chelsea PDR,LUNCH,102.0
1972,2021-05-29,Coq d'Argent Grill,DINNER,40.0
1973,2021-05-31,Paternoster Chophouse,LUNCH,2.0
1974,2021-06-04,Paternoster Chophouse,LUNCH,4.0
1975,2021-06-05,100 Wardour St. Restaurant & Club,LUNCH,13.0
1976,2021-06-05,20 Stories,LUNCH,14.0
1977,2021-06-05,Angler Restaurant,DINNER,2.0
1978,2021-06-05,Bluebird Chelsea PDR,LUNCH,30.0
1979,2021-06-05,Crafthouse,LUNCH,15.0
1980,2021-06-05,Quaglino's PDR,DINNER,30.0
1981,2021-06-06,20 Stories,LUNCH,2.0
1982,2021-06-10,Madison Restaurant,DINNER,100.0
1983,2021-06-11,Blueprint Café,DINNER,60.0
1984,2021-06-12,100 Wardour Street Bar & Lounge,LUNCH,23.0
1985,2021-06-12,Angler Restaurant,DINNER,2.0
1986,2021-06-12,Avenue,LUNCH,16.0
1987,2021-06-12,Bluebird Chelsea PDR,LUNCH,80.0
1988,2021-06-12,Crafthouse,LUNCH,49.0
1989,2021-06-12,Paternoster Chophouse,DINNER,2.0
1990,2021-06-16,Paternoster Chophouse,DINNER,0.0
1991,2021-06-16,Quaglino's PDR,DINNER,12.0
1992,2021-06-17,Paternoster Chophouse,DINNER,2.0
1993,2021-06-18,20 Stories,LUNCH,22.0
1994,2021-06-19,100 Wardour St. Restaurant & Club,DINNER,14.0
1995,2021-06-19,100 Wardour St. Restaurant & Club,LUNCH,25.0
1996,2021-06-19,20 Stories,LUNCH,17.0
1997,2021-06-19,Bluebird Chelsea PDR,LUNCH,50.0
1998,2021-06-19,Bluebird Chelsea Restaurant,DINNER,13.0
1999,2021-06-19,Paternoster Chophouse,DINNER,3.0
2000,2021-06-19,Paternoster Chophouse,LUNCH,2.0
2001,2021-06-21,20 Stories,LUNCH,100.0
2002,2021-06-21,Angelica,LUNCH,2.0
2003,2021-06-23,Pont de la Tour Restaurant,DINNER,16.0
2004,2021-06-24,Paternoster Chophouse,DINNER,2.0
2005,2021-06-24,Quaglino's PDR,DINNER,30.0
2006,2021-06-25,14 Hills,DINNER,20.0
2007,2021-06-25,20 Stories,LUNCH,11.0
2008,2021-06-25,Paternoster Chophouse,DINNER,2.0
2009,2021-06-25,Sartoria,DINNER,2.0
2010,2021-06-26,Pont de la Tour Restaurant,DINNER,6.0
2011,2021-06-27,Bluebird Chelsea PDR,LUNCH,60.0
2012,2021-06-29,Skylon Restaurant,LUNCH,0.0
2013,2021-06-30,20 Stories,LUNCH,100.0
2014,2021-07-01,Issho Bar,DINNER,65.0
2015,2021-07-01,Quaglino's Bar,DINNER,30.0
2016,2021-07-02,20 Stories,LUNCH,32.0
2017,2021-07-02,Avenue,DINNER,12.0
2018,2021-07-03,Butlers Wharf Chophouse Restaurant,DINNER,50.0
2019,2021-07-06,Paternoster Chophouse,LUNCH,2.0
2020,2021-07-08,Issho Bar,DINNER,50.0
2021,2021-07-08,Madison Restaurant,DINNER,90.0
2022,2021-07-10,20 Stories,LUNCH,15.0
2023,2021-07-10,Orrery,DINNER,31.0
2024,2021-07-10,Quaglino's PDR,LUNCH,28.0
2025,2021-07-11,Paternoster Chophouse,LUNCH,4.0
2026,2021-07-16,Quaglino's PDR,DINNER,40.0
2027,2021-07-17,100 Wardour St. Restaurant & Club,LUNCH,12.0
2028,2021-07-17,Paternoster Chophouse,DINNER,2.0
2029,2021-07-24,Blueprint Café,DINNER,100.0
2030,2021-07-24,Butlers Wharf Chophouse Restaurant,LUNCH,40.0
2031,2021-07-24,Crafthouse,LUNCH,40.0
2032,2021-07-26,Madison Restaurant,DINNER,2.0
2033,2021-07-29,Paternoster Chophouse,DINNER,2.0
2034,2021-07-31,100 Wardour St. Restaurant & Club,DINNER,20.0
2035,2021-07-31,100 Wardour Street Bar & Lounge,LUNCH,24.0
2036,2021-07-31,Bluebird Chelsea PDR,LUNCH,30.0
2037,2021-07-31,Crafthouse,DINNER,120.0
2038,2021-08-01,Madison Restaurant,LUNCH,2.0
2039,2021-08-02,Quaglino's PDR,DINNER,10.0
2040,2021-08-03,Bluebird Chelsea PDR,LUNCH,100.0
2041,2021-08-07,Bluebird Chelsea PDR,LUNCH,40.0
2042,2021-08-07,Orrery,LUNCH,80.0
2043,2021-08-08,Bluebird Chelsea PDR,LUNCH,30.0
2044,2021-08-08,Paternoster Chophouse,LUNCH,2.0
2045,2021-08-12,Bluebird Chelsea PDR,LUNCH,75.0
2046,2021-08-13,Angler Restaurant,DINNER,2.0
2047,2021-08-13,Bluebird Chelsea PDR,LUNCH,60.0
2048,2021-08-14,20 Stories,LUNCH,11.0
2049,2021-08-21,14 Hills,DINNER,15.0
2050,2021-08-21,14 Hills,LUNCH,15.0
2051,2021-08-21,Bluebird Chelsea PDR,LUNCH,130.0
2052,2021-08-26,Skylon Restaurant,DINNER,85.0
2053,2021-08-27,Quaglino's PDR,DINNER,14.0
2054,2021-08-27,Skylon Restaurant,DINNER,85.0
2055,2021-09-01,Quaglino's PDR,DINNER,40.0
2056,2021-09-02,Quaglino's PDR,DINNER,40.0
2057,2021-09-04,Bluebird Chelsea PDR,LUNCH,40.0
2058,2021-09-10,Paternoster Chophouse,DINNER,2.0
2059,2021-09-11,Bluebird Chelsea PDR,LUNCH,94.0
2060,2021-09-12,Avenue,LUNCH,16.0
2061,2021-09-17,Angelica,LUNCH,2.0
2062,2021-09-18,Bluebird Chelsea PDR,LUNCH,120.0
2063,2021-09-23,Orrery,DINNER,100.0
2064,2021-09-24,Quaglino's PDR,DINNER,25.0
2065,2021-10-02,Quaglino's PDR,DINNER,32.0
2066,2021-10-22,20 Stories,LUNCH,24.0
2067,2021-11-06,Crafthouse,LUNCH,14.0
2068,2021-11-10,Bluebird Chelsea PDR,LUNCH,100.0
2069,2021-11-12,Orrery,DINNER,13.0
2070,2021-11-13,Coq d'Argent Grill,DINNER,120.0
2071,2021-11-17,Bluebird Chelsea PDR,LUNCH,100.0
2072,2021-11-27,100 Wardour St Club Bar,LUNCH,30.0
2073,2021-11-27,100 Wardour Street Bar & Lounge,LUNCH,30.0
2074,2021-11-30,Bluebird Chelsea PDR,LUNCH,24.0
2075,2021-12-01,Sartoria,DINNER,20.0
2076,2021-12-08,Bluebird Chelsea PDR,LUNCH,33.0
2077,2021-12-10,Bluebird Chelsea PDR,LUNCH,40.0
2078,2021-12-10,Quaglino's PDR,DINNER,40.0
2079,2021-12-10,Skylon Restaurant,DINNER,150.0
2080,2021-12-16,14 Hills,LUNCH,0.0
2081,2021-12-17,Avenue,DINNER,15.0
2082,2021-12-25,Pont de la Tour Restaurant,LUNCH,9.0
2083,2021-12-31,Skylon Restaurant,DINNER,4.0
